OTU,A15MPa,A15MPaII,A30MPa,A30MPaII,A8MPa,A8MPaII,AOrigin,Kingdom,Phylum,Class,Order,Family,Genus,Species
Unassigned;__;__;__;__;__;__,233,42,8,28,44,42,54,Unassigned,__,__,__,__,__,__
d__Archaea;__;__;__;__;__;__,218,103,5,29,6,140,7,d__Archaea,__,__,__,__,__,__
d__Archaea;p__Aenigmarchaeota;c__Aenigmarchaeia;o__Aenigmarchaeales;f__Aenigmarchaeales;g__Aenigmarchaeales;s__uncultured_Candidatus,3,0,0,0,0,0,0,d__Archaea,p__Aenigmarchaeota,c__Aenigmarchaeia,o__Aenigmarchaeales,f__Aenigmarchaeales,g__Aenigmarchaeales,s__uncultured_Candidatus
d__Archaea;p__Aenigmarchaeota;c__Aenigmarchaeia;o__Aenigmarchaeales;f__Aenigmarchaeales;g__Aenigmarchaeales;s__uncultured_archaeon,370,97,15,26,15,81,32,d__Archaea,p__Aenigmarchaeota,c__Aenigmarchaeia,o__Aenigmarchaeales,f__Aenigmarchaeales,g__Aenigmarchaeales,s__uncultured_archaeon
d__Archaea;p__Aenigmarchaeota;c__Deep_Sea_Euryarchaeotic_Group(DSEG);o__Deep_Sea_Euryarchaeotic_Group(DSEG);f__Deep_Sea_Euryarchaeotic_Group(DSEG);g__Deep_Sea_Euryarchaeotic_Group(DSEG);s__uncultured_archaeon,27,1,1,1,1,3,1,d__Archaea,p__Aenigmarchaeota,c__Deep_Sea_Euryarchaeotic_Group(DSEG),o__Deep_Sea_Euryarchaeotic_Group(DSEG),f__Deep_Sea_Euryarchaeotic_Group(DSEG),g__Deep_Sea_Euryarchaeotic_Group(DSEG),s__uncultured_archaeon
d__Archaea;p__Aenigmarchaeota;c__Deep_Sea_Euryarchaeotic_Group(DSEG);o__Deep_Sea_Euryarchaeotic_Group(DSEG);f__Deep_Sea_Euryarchaeotic_Group(DSEG);g__Deep_Sea_Euryarchaeotic_Group(DSEG);s__uncultured_crenarchaeote,6,9,1,0,1,0,0,d__Archaea,p__Aenigmarchaeota,c__Deep_Sea_Euryarchaeotic_Group(DSEG),o__Deep_Sea_Euryarchaeotic_Group(DSEG),f__Deep_Sea_Euryarchaeotic_Group(DSEG),g__Deep_Sea_Euryarchaeotic_Group(DSEG),s__uncultured_crenarchaeote
d__Archaea;p__Altiarchaeota;c__Altiarchaeia;o__Altiarchaeales;f__Altiarchaeaceae;g__Candidatus_Altiarchaeum;__,1,0,0,0,0,0,0,d__Archaea,p__Altiarchaeota,c__Altiarchaeia,o__Altiarchaeales,f__Altiarchaeaceae,g__Candidatus_Altiarchaeum,__
d__Archaea;p__Altiarchaeota;c__Altiarchaeia;o__Altiarchaeales;f__Altiarchaeaceae;g__Candidatus_Altiarchaeum;s__uncultured_archaeon,43,46,5,0,10,12,25,d__Archaea,p__Altiarchaeota,c__Altiarchaeia,o__Altiarchaeales,f__Altiarchaeaceae,g__Candidatus_Altiarchaeum,s__uncultured_archaeon
d__Archaea;p__Asgardarchaeota;__;__;__;__;__,123,35,26,2,39,69,31,d__Archaea,p__Asgardarchaeota,__,__,__,__,__
d__Archaea;p__Asgardarchaeota;c__Asgardarchaeota;o__Asgardarchaeota;f__Asgardarchaeota;g__Asgardarchaeota;s__uncultured_archaeon,5,0,0,0,0,0,0,d__Archaea,p__Asgardarchaeota,c__Asgardarchaeota,o__Asgardarchaeota,f__Asgardarchaeota,g__Asgardarchaeota,s__uncultured_archaeon
d__Archaea;p__Asgardarchaeota;c__Lokiarchaeia;o__Lokiarchaeia;f__Lokiarchaeia;g__Lokiarchaeia;__,64,199,0,1,2,5,0,d__Archaea,p__Asgardarchaeota,c__Lokiarchaeia,o__Lokiarchaeia,f__Lokiarchaeia,g__Lokiarchaeia,__
d__Archaea;p__Asgardarchaeota;c__Lokiarchaeia;o__Lokiarchaeia;f__Lokiarchaeia;g__Lokiarchaeia;s__Lokiarchaeum_sp.,3,52,0,2,0,0,0,d__Archaea,p__Asgardarchaeota,c__Lokiarchaeia,o__Lokiarchaeia,f__Lokiarchaeia,g__Lokiarchaeia,s__Lokiarchaeum_sp.
d__Archaea;p__Asgardarchaeota;c__Lokiarchaeia;o__Lokiarchaeia;f__Lokiarchaeia;g__Lokiarchaeia;s__uncultured_archaeon,60,184,0,0,4,1,3,d__Archaea,p__Asgardarchaeota,c__Lokiarchaeia,o__Lokiarchaeia,f__Lokiarchaeia,g__Lokiarchaeia,s__uncultured_archaeon
d__Archaea;p__Asgardarchaeota;c__Lokiarchaeia;o__Lokiarchaeia;f__Lokiarchaeia;g__Lokiarchaeia;s__uncultured_euryarchaeote,14,9,0,0,0,1,0,d__Archaea,p__Asgardarchaeota,c__Lokiarchaeia,o__Lokiarchaeia,f__Lokiarchaeia,g__Lokiarchaeia,s__uncultured_euryarchaeote
d__Archaea;p__Asgardarchaeota;c__Lokiarchaeia;o__Lokiarchaeia;f__Lokiarchaeia;g__Lokiarchaeia;s__uncultured_marine,60,7,3,0,1,15,3,d__Archaea,p__Asgardarchaeota,c__Lokiarchaeia,o__Lokiarchaeia,f__Lokiarchaeia,g__Lokiarchaeia,s__uncultured_marine
d__Archaea;p__Asgardarchaeota;c__Lokiarchaeia;o__Lokiarchaeia;f__Lokiarchaeia;g__Lokiarchaeia;s__unidentified_archaeon,14,0,0,0,0,0,0,d__Archaea,p__Asgardarchaeota,c__Lokiarchaeia,o__Lokiarchaeia,f__Lokiarchaeia,g__Lokiarchaeia,s__unidentified_archaeon
d__Archaea;p__Asgardarchaeota;c__Odinarchaeia;o__Odinarchaeia;f__Odinarchaeia;g__Odinarchaeia;__,12,0,1,0,0,2,0,d__Archaea,p__Asgardarchaeota,c__Odinarchaeia,o__Odinarchaeia,f__Odinarchaeia,g__Odinarchaeia,__
d__Archaea;p__Asgardarchaeota;c__Odinarchaeia;o__Odinarchaeia;f__Odinarchaeia;g__Odinarchaeia;s__uncultured_archaeon,69,0,0,0,0,0,0,d__Archaea,p__Asgardarchaeota,c__Odinarchaeia,o__Odinarchaeia,f__Odinarchaeia,g__Odinarchaeia,s__uncultured_archaeon
d__Archaea;p__Asgardarchaeota;c__Odinarchaeia;o__Odinarchaeia;f__Odinarchaeia;g__Odinarchaeia;s__uncultured_crenarchaeote,13,2,0,0,0,1,0,d__Archaea,p__Asgardarchaeota,c__Odinarchaeia,o__Odinarchaeia,f__Odinarchaeia,g__Odinarchaeia,s__uncultured_crenarchaeote
d__Archaea;p__Asgardarchaeota;c__Odinarchaeia;o__Odinarchaeia;f__Odinarchaeia;g__Odinarchaeia;s__uncultured_eukaryote,15,0,0,0,0,0,0,d__Archaea,p__Asgardarchaeota,c__Odinarchaeia,o__Odinarchaeia,f__Odinarchaeia,g__Odinarchaeia,s__uncultured_eukaryote
d__Archaea;p__Asgardarchaeota;c__Odinarchaeia;o__Odinarchaeia;f__Odinarchaeia;g__Odinarchaeia;s__uncultured_euryarchaeote,1,0,1,0,0,0,0,d__Archaea,p__Asgardarchaeota,c__Odinarchaeia,o__Odinarchaeia,f__Odinarchaeia,g__Odinarchaeia,s__uncultured_euryarchaeote
d__Archaea;p__Asgardarchaeota;c__Odinarchaeia;o__Odinarchaeia;f__Odinarchaeia;g__Odinarchaeia;s__uncultured_marine,5,1,3,0,4,3,13,d__Archaea,p__Asgardarchaeota,c__Odinarchaeia,o__Odinarchaeia,f__Odinarchaeia,g__Odinarchaeia,s__uncultured_marine
d__Archaea;p__Crenarchaeota;c__Bathyarchaeia;o__Bathyarchaeia;f__Bathyarchaeia;g__Bathyarchaeia;__,341,1565,17,9,27,41,47,d__Archaea,p__Crenarchaeota,c__Bathyarchaeia,o__Bathyarchaeia,f__Bathyarchaeia,g__Bathyarchaeia,__
d__Archaea;p__Crenarchaeota;c__Bathyarchaeia;o__Bathyarchaeia;f__Bathyarchaeia;g__Bathyarchaeia;s__marine_metagenome,188,238,0,0,3,0,7,d__Archaea,p__Crenarchaeota,c__Bathyarchaeia,o__Bathyarchaeia,f__Bathyarchaeia,g__Bathyarchaeia,s__marine_metagenome
d__Archaea;p__Crenarchaeota;c__Bathyarchaeia;o__Bathyarchaeia;f__Bathyarchaeia;g__Bathyarchaeia;s__miscellaneous_Crenarchaeota,0,3,0,0,0,0,0,d__Archaea,p__Crenarchaeota,c__Bathyarchaeia,o__Bathyarchaeia,f__Bathyarchaeia,g__Bathyarchaeia,s__miscellaneous_Crenarchaeota
d__Archaea;p__Crenarchaeota;c__Bathyarchaeia;o__Bathyarchaeia;f__Bathyarchaeia;g__Bathyarchaeia;s__uncultured_Desulfurococcales,1,1,0,0,2,0,2,d__Archaea,p__Crenarchaeota,c__Bathyarchaeia,o__Bathyarchaeia,f__Bathyarchaeia,g__Bathyarchaeia,s__uncultured_Desulfurococcales
d__Archaea;p__Crenarchaeota;c__Bathyarchaeia;o__Bathyarchaeia;f__Bathyarchaeia;g__Bathyarchaeia;s__uncultured_archaeon,116,673,10,35,141,16,60,d__Archaea,p__Crenarchaeota,c__Bathyarchaeia,o__Bathyarchaeia,f__Bathyarchaeia,g__Bathyarchaeia,s__uncultured_archaeon
d__Archaea;p__Crenarchaeota;c__Bathyarchaeia;o__Bathyarchaeia;f__Bathyarchaeia;g__Bathyarchaeia;s__uncultured_crenarchaeote,208,1711,11,13,33,18,49,d__Archaea,p__Crenarchaeota,c__Bathyarchaeia,o__Bathyarchaeia,f__Bathyarchaeia,g__Bathyarchaeia,s__uncultured_crenarchaeote
d__Archaea;p__Crenarchaeota;c__Bathyarchaeia;o__Bathyarchaeia;f__Bathyarchaeia;g__Bathyarchaeia;s__uncultured_eukaryote,3,0,0,0,0,0,0,d__Archaea,p__Crenarchaeota,c__Bathyarchaeia,o__Bathyarchaeia,f__Bathyarchaeia,g__Bathyarchaeia,s__uncultured_eukaryote
d__Archaea;p__Crenarchaeota;c__Bathyarchaeia;o__Bathyarchaeia;f__Bathyarchaeia;g__Bathyarchaeia;s__uncultured_marine,0,0,0,0,3,0,9,d__Archaea,p__Crenarchaeota,c__Bathyarchaeia,o__Bathyarchaeia,f__Bathyarchaeia,g__Bathyarchaeia,s__uncultured_marine
d__Archaea;p__Crenarchaeota;c__Bathyarchaeia;o__Bathyarchaeia;f__Bathyarchaeia;g__Bathyarchaeia;s__uncultured_methanogenic,0,0,0,1,0,0,0,d__Archaea,p__Crenarchaeota,c__Bathyarchaeia,o__Bathyarchaeia,f__Bathyarchaeia,g__Bathyarchaeia,s__uncultured_methanogenic
d__Archaea;p__Crenarchaeota;c__Bathyarchaeia;o__Bathyarchaeia;f__Bathyarchaeia;g__Bathyarchaeia;s__uncultured_miscellaneous,27,9,0,0,0,0,0,d__Archaea,p__Crenarchaeota,c__Bathyarchaeia,o__Bathyarchaeia,f__Bathyarchaeia,g__Bathyarchaeia,s__uncultured_miscellaneous
d__Archaea;p__Crenarchaeota;c__Nitrososphaeria;__;__;__;__,0,0,0,0,7,0,9,d__Archaea,p__Crenarchaeota,c__Nitrososphaeria,__,__,__,__
d__Archaea;p__Crenarchaeota;c__Nitrososphaeria;o__Marine_Benthic_Group_A;f__Marine_Benthic_Group_A;g__Marine_Benthic_Group_A;s__uncultured_Nitrosopumilales,0,0,0,0,7,0,8,d__Archaea,p__Crenarchaeota,c__Nitrososphaeria,o__Marine_Benthic_Group_A,f__Marine_Benthic_Group_A,g__Marine_Benthic_Group_A,s__uncultured_Nitrosopumilales
d__Archaea;p__Crenarchaeota;c__Nitrososphaeria;o__Nitrosopumilales;f__Nitrosopumilaceae;__;__,8,65,3,0,5,9,7,d__Archaea,p__Crenarchaeota,c__Nitrososphaeria,o__Nitrosopumilales,f__Nitrosopumilaceae,__,__
d__Archaea;p__Crenarchaeota;c__Nitrososphaeria;o__Nitrosopumilales;f__Nitrosopumilaceae;g__Candidatus_Nitrosopelagicus;__,0,7,0,0,0,0,0,d__Archaea,p__Crenarchaeota,c__Nitrososphaeria,o__Nitrosopumilales,f__Nitrosopumilaceae,g__Candidatus_Nitrosopelagicus,__
d__Archaea;p__Crenarchaeota;c__Nitrososphaeria;o__Nitrosopumilales;f__Nitrosopumilaceae;g__Candidatus_Nitrosopelagicus;s__uncultured_archaeon,0,2,0,0,1,0,0,d__Archaea,p__Crenarchaeota,c__Nitrososphaeria,o__Nitrosopumilales,f__Nitrosopumilaceae,g__Candidatus_Nitrosopelagicus,s__uncultured_archaeon
d__Archaea;p__Crenarchaeota;c__Nitrososphaeria;o__Nitrosopumilales;f__Nitrosopumilaceae;g__Candidatus_Nitrosopumilus;__,887,468,17,23,83,30,115,d__Archaea,p__Crenarchaeota,c__Nitrososphaeria,o__Nitrosopumilales,f__Nitrosopumilaceae,g__Candidatus_Nitrosopumilus,__
d__Archaea;p__Crenarchaeota;c__Nitrososphaeria;o__Nitrosopumilales;f__Nitrosopumilaceae;g__Candidatus_Nitrosopumilus;s__Nitrosopumilus_sp.,1,2,0,0,0,0,0,d__Archaea,p__Crenarchaeota,c__Nitrososphaeria,o__Nitrosopumilales,f__Nitrosopumilaceae,g__Candidatus_Nitrosopumilus,s__Nitrosopumilus_sp.
d__Archaea;p__Crenarchaeota;c__Nitrososphaeria;o__Nitrosopumilales;f__Nitrosopumilaceae;g__Candidatus_Nitrosopumilus;s__Thaumarchaeota_archaeon,0,0,31,0,0,10,0,d__Archaea,p__Crenarchaeota,c__Nitrososphaeria,o__Nitrosopumilales,f__Nitrosopumilaceae,g__Candidatus_Nitrosopumilus,s__Thaumarchaeota_archaeon
d__Archaea;p__Crenarchaeota;c__Nitrososphaeria;o__Nitrosopumilales;f__Nitrosopumilaceae;g__Candidatus_Nitrosopumilus;s__marine_metagenome,85,63,0,0,0,1,0,d__Archaea,p__Crenarchaeota,c__Nitrososphaeria,o__Nitrosopumilales,f__Nitrosopumilaceae,g__Candidatus_Nitrosopumilus,s__marine_metagenome
d__Archaea;p__Crenarchaeota;c__Nitrososphaeria;o__Nitrosopumilales;f__Nitrosopumilaceae;g__Candidatus_Nitrosopumilus;s__marine_sediment,10,10,8,0,9,11,24,d__Archaea,p__Crenarchaeota,c__Nitrososphaeria,o__Nitrosopumilales,f__Nitrosopumilaceae,g__Candidatus_Nitrosopumilus,s__marine_sediment
d__Archaea;p__Crenarchaeota;c__Nitrososphaeria;o__Nitrosopumilales;f__Nitrosopumilaceae;g__Candidatus_Nitrosopumilus;s__unculturable_Mariana,1,0,1,0,0,0,0,d__Archaea,p__Crenarchaeota,c__Nitrososphaeria,o__Nitrosopumilales,f__Nitrosopumilaceae,g__Candidatus_Nitrosopumilus,s__unculturable_Mariana
d__Archaea;p__Crenarchaeota;c__Nitrososphaeria;o__Nitrosopumilales;f__Nitrosopumilaceae;g__Candidatus_Nitrosopumilus;s__uncultured_Nitrosopumilales,38,97,5,4,16,6,9,d__Archaea,p__Crenarchaeota,c__Nitrososphaeria,o__Nitrosopumilales,f__Nitrosopumilaceae,g__Candidatus_Nitrosopumilus,s__uncultured_Nitrosopumilales
d__Archaea;p__Crenarchaeota;c__Nitrososphaeria;o__Nitrosopumilales;f__Nitrosopumilaceae;g__Candidatus_Nitrosopumilus;s__uncultured_archaeon,0,4,0,0,0,0,0,d__Archaea,p__Crenarchaeota,c__Nitrososphaeria,o__Nitrosopumilales,f__Nitrosopumilaceae,g__Candidatus_Nitrosopumilus,s__uncultured_archaeon
d__Archaea;p__Crenarchaeota;c__Nitrososphaeria;o__Nitrosopumilales;f__Nitrosopumilaceae;g__Candidatus_Nitrosopumilus;s__uncultured_crenarchaeote,0,0,0,0,3,6,0,d__Archaea,p__Crenarchaeota,c__Nitrososphaeria,o__Nitrosopumilales,f__Nitrosopumilaceae,g__Candidatus_Nitrosopumilus,s__uncultured_crenarchaeote
d__Archaea;p__Crenarchaeota;c__Nitrososphaeria;o__Nitrosopumilales;f__Nitrosopumilaceae;g__Candidatus_Nitrosopumilus;s__uncultured_euryarchaeote,10,4,0,0,0,0,0,d__Archaea,p__Crenarchaeota,c__Nitrososphaeria,o__Nitrosopumilales,f__Nitrosopumilaceae,g__Candidatus_Nitrosopumilus,s__uncultured_euryarchaeote
d__Archaea;p__Crenarchaeota;c__Nitrososphaeria;o__Nitrosopumilales;f__Nitrosopumilaceae;g__Candidatus_Nitrosopumilus;s__uncultured_sediment,3,11,0,0,5,10,3,d__Archaea,p__Crenarchaeota,c__Nitrososphaeria,o__Nitrosopumilales,f__Nitrosopumilaceae,g__Candidatus_Nitrosopumilus,s__uncultured_sediment
d__Archaea;p__Crenarchaeota;c__Nitrososphaeria;o__Nitrosopumilales;f__Nitrosopumilaceae;g__Candidatus_Nitrosopumilus;s__uncultured_thaumarchaeote,2,1,0,0,1,1,5,d__Archaea,p__Crenarchaeota,c__Nitrososphaeria,o__Nitrosopumilales,f__Nitrosopumilaceae,g__Candidatus_Nitrosopumilus,s__uncultured_thaumarchaeote
d__Archaea;p__Crenarchaeota;c__Nitrososphaeria;o__Nitrosopumilales;f__Nitrosopumilaceae;g__Candidatus_Nitrosopumilus;s__unidentified_archaeon,2,16,0,0,0,0,0,d__Archaea,p__Crenarchaeota,c__Nitrososphaeria,o__Nitrosopumilales,f__Nitrosopumilaceae,g__Candidatus_Nitrosopumilus,s__unidentified_archaeon
d__Archaea;p__Crenarchaeota;c__Nitrososphaeria;o__Nitrosopumilales;f__Nitrosopumilaceae;g__Candidatus_Nitrosotenuis;__,7,4,7,0,0,2,11,d__Archaea,p__Crenarchaeota,c__Nitrososphaeria,o__Nitrosopumilales,f__Nitrosopumilaceae,g__Candidatus_Nitrosotenuis,__
d__Archaea;p__Crenarchaeota;c__Nitrososphaeria;o__Nitrosopumilales;f__Nitrosopumilaceae;g__Candidatus_Nitrosotenuis;s__thaumarchaeote_enrichment,3,0,1,0,0,1,0,d__Archaea,p__Crenarchaeota,c__Nitrososphaeria,o__Nitrosopumilales,f__Nitrosopumilaceae,g__Candidatus_Nitrosotenuis,s__thaumarchaeote_enrichment
d__Archaea;p__Crenarchaeota;c__Nitrososphaeria;o__Nitrosopumilales;f__Nitrosopumilaceae;g__Candidatus_Nitrosotenuis;s__uncultured_archaeon,1,4,1,0,2,1,8,d__Archaea,p__Crenarchaeota,c__Nitrososphaeria,o__Nitrosopumilales,f__Nitrosopumilaceae,g__Candidatus_Nitrosotenuis,s__uncultured_archaeon
d__Archaea;p__Crenarchaeota;c__Nitrososphaeria;o__Nitrosopumilales;f__Nitrosopumilaceae;g__Nitrosopumilaceae;__,72,175,59,13,200,27,195,d__Archaea,p__Crenarchaeota,c__Nitrososphaeria,o__Nitrosopumilales,f__Nitrosopumilaceae,g__Nitrosopumilaceae,__
d__Archaea;p__Crenarchaeota;c__Nitrososphaeria;o__Nitrosopumilales;f__Nitrosopumilaceae;g__Nitrosopumilaceae;s__uncultured_Cenarchaeum,12,14,8,4,9,2,6,d__Archaea,p__Crenarchaeota,c__Nitrososphaeria,o__Nitrosopumilales,f__Nitrosopumilaceae,g__Nitrosopumilaceae,s__uncultured_Cenarchaeum
d__Archaea;p__Crenarchaeota;c__Nitrososphaeria;o__Nitrosopumilales;f__Nitrosopumilaceae;g__Nitrosopumilaceae;s__uncultured_Nitrosopumilales,17,62,9,0,68,3,49,d__Archaea,p__Crenarchaeota,c__Nitrososphaeria,o__Nitrosopumilales,f__Nitrosopumilaceae,g__Nitrosopumilaceae,s__uncultured_Nitrosopumilales
d__Archaea;p__Crenarchaeota;c__Nitrososphaeria;o__Nitrosopumilales;f__Nitrosopumilaceae;g__Nitrosopumilaceae;s__uncultured_archaeon,3,7,0,0,3,1,1,d__Archaea,p__Crenarchaeota,c__Nitrososphaeria,o__Nitrosopumilales,f__Nitrosopumilaceae,g__Nitrosopumilaceae,s__uncultured_archaeon
d__Archaea;p__Crenarchaeota;c__Nitrososphaeria;o__Nitrosopumilales;f__Nitrosopumilaceae;g__Nitrosopumilaceae;s__uncultured_bacterium,3,2,0,1,0,5,2,d__Archaea,p__Crenarchaeota,c__Nitrososphaeria,o__Nitrosopumilales,f__Nitrosopumilaceae,g__Nitrosopumilaceae,s__uncultured_bacterium
d__Archaea;p__Crenarchaeota;c__Nitrososphaeria;o__Nitrosopumilales;f__Nitrosopumilaceae;g__Nitrosopumilaceae;s__uncultured_crenarchaeote,16,85,119,19,226,37,195,d__Archaea,p__Crenarchaeota,c__Nitrososphaeria,o__Nitrosopumilales,f__Nitrosopumilaceae,g__Nitrosopumilaceae,s__uncultured_crenarchaeote
d__Archaea;p__Crenarchaeota;c__Nitrososphaeria;o__Nitrosopumilales;f__Nitrosopumilaceae;g__Nitrosopumilaceae;s__uncultured_sediment,0,8,0,0,6,0,6,d__Archaea,p__Crenarchaeota,c__Nitrososphaeria,o__Nitrosopumilales,f__Nitrosopumilaceae,g__Nitrosopumilaceae,s__uncultured_sediment
d__Archaea;p__Crenarchaeota;c__Nitrososphaeria;o__Nitrososphaerales;f__Nitrososphaeraceae;__;__,1,0,0,0,0,0,4,d__Archaea,p__Crenarchaeota,c__Nitrososphaeria,o__Nitrososphaerales,f__Nitrososphaeraceae,__,__
d__Archaea;p__Crenarchaeota;c__Nitrososphaeria;o__Nitrososphaerales;f__Nitrososphaeraceae;g__Candidatus_Nitrocosmicus;__,4,29,1,9,98,0,105,d__Archaea,p__Crenarchaeota,c__Nitrososphaeria,o__Nitrososphaerales,f__Nitrososphaeraceae,g__Candidatus_Nitrocosmicus,__
d__Archaea;p__Crenarchaeota;c__Nitrososphaeria;o__Nitrososphaerales;f__Nitrososphaeraceae;g__Candidatus_Nitrocosmicus;s__Candidatus_Nitrocosmicus,5,24,0,1,12,0,25,d__Archaea,p__Crenarchaeota,c__Nitrososphaeria,o__Nitrososphaerales,f__Nitrososphaeraceae,g__Candidatus_Nitrocosmicus,s__Candidatus_Nitrocosmicus
d__Archaea;p__Crenarchaeota;c__Nitrososphaeria;o__Nitrososphaerales;f__Nitrososphaeraceae;g__Candidatus_Nitrocosmicus;s__Candidatus_Nitrosocosmicus,1,0,0,0,0,0,0,d__Archaea,p__Crenarchaeota,c__Nitrososphaeria,o__Nitrososphaerales,f__Nitrososphaeraceae,g__Candidatus_Nitrocosmicus,s__Candidatus_Nitrosocosmicus
d__Archaea;p__Crenarchaeota;c__Nitrososphaeria;o__Nitrososphaerales;f__Nitrososphaeraceae;g__Candidatus_Nitrocosmicus;s__uncultured_archaeon,0,0,0,0,0,0,1,d__Archaea,p__Crenarchaeota,c__Nitrososphaeria,o__Nitrososphaerales,f__Nitrososphaeraceae,g__Candidatus_Nitrocosmicus,s__uncultured_archaeon
d__Archaea;p__Crenarchaeota;c__Nitrososphaeria;o__Nitrososphaerales;f__Nitrososphaeraceae;g__Candidatus_Nitrososphaera;__,0,0,0,0,0,0,3,d__Archaea,p__Crenarchaeota,c__Nitrososphaeria,o__Nitrososphaerales,f__Nitrososphaeraceae,g__Candidatus_Nitrososphaera,__
d__Archaea;p__Crenarchaeota;c__Nitrososphaeria;o__Nitrososphaerales;f__Nitrososphaeraceae;g__Candidatus_Nitrososphaera;s__unidentified_archaeon,0,0,0,0,0,0,1,d__Archaea,p__Crenarchaeota,c__Nitrososphaeria,o__Nitrososphaerales,f__Nitrososphaeraceae,g__Candidatus_Nitrososphaera,s__unidentified_archaeon
d__Archaea;p__Crenarchaeota;c__Nitrososphaeria;o__Nitrososphaerales;f__Nitrososphaeraceae;g__Nitrososphaeraceae;__,8,6,0,0,11,0,22,d__Archaea,p__Crenarchaeota,c__Nitrososphaeria,o__Nitrososphaerales,f__Nitrososphaeraceae,g__Nitrososphaeraceae,__
d__Archaea;p__Crenarchaeota;c__Nitrososphaeria;o__Nitrososphaerales;f__Nitrososphaeraceae;g__Nitrososphaeraceae;s__uncultured_bacterium,0,10,0,0,11,0,33,d__Archaea,p__Crenarchaeota,c__Nitrososphaeria,o__Nitrososphaerales,f__Nitrososphaeraceae,g__Nitrososphaeraceae,s__uncultured_bacterium
d__Archaea;p__Crenarchaeota;c__Nitrososphaeria;o__Nitrososphaerales;f__Nitrososphaeraceae;g__Nitrososphaeraceae;s__uncultured_compost,0,0,0,0,1,0,0,d__Archaea,p__Crenarchaeota,c__Nitrososphaeria,o__Nitrososphaerales,f__Nitrososphaeraceae,g__Nitrososphaeraceae,s__uncultured_compost
d__Archaea;p__Crenarchaeota;c__Nitrososphaeria;o__Nitrososphaerales;f__Nitrososphaeraceae;g__Nitrososphaeraceae;s__uncultured_euryarchaeote,0,0,0,0,1,0,0,d__Archaea,p__Crenarchaeota,c__Nitrososphaeria,o__Nitrososphaerales,f__Nitrososphaeraceae,g__Nitrososphaeraceae,s__uncultured_euryarchaeote
d__Archaea;p__Crenarchaeota;c__Nitrososphaeria;o__Nitrososphaerales;f__Nitrososphaeraceae;g__Nitrososphaeraceae;s__uncultured_thaumarchaeote,0,0,0,0,0,0,1,d__Archaea,p__Crenarchaeota,c__Nitrososphaeria,o__Nitrososphaerales,f__Nitrososphaeraceae,g__Nitrososphaeraceae,s__uncultured_thaumarchaeote
d__Archaea;p__Crenarchaeota;c__Nitrososphaeria;o__Nitrososphaerales;f__Nitrososphaeraceae;g__Nitrososphaeraceae;s__unidentified_archaeon,0,0,0,0,2,0,3,d__Archaea,p__Crenarchaeota,c__Nitrososphaeria,o__Nitrososphaerales,f__Nitrososphaeraceae,g__Nitrososphaeraceae,s__unidentified_archaeon
d__Archaea;p__Crenarchaeota;c__Nitrososphaeria;o__Nitrosotaleales;f__Nitrosotaleaceae;g__Candidatus_Nitrosotalea;__,0,0,0,0,1,0,2,d__Archaea,p__Crenarchaeota,c__Nitrososphaeria,o__Nitrosotaleales,f__Nitrosotaleaceae,g__Candidatus_Nitrosotalea,__
d__Archaea;p__Euryarchaeota;__;__;__;__;__,2,0,0,0,0,1,0,d__Archaea,p__Euryarchaeota,__,__,__,__,__
d__Archaea;p__Euryarchaeota;c__Thermococci;__;__;__;__,0,0,1,0,0,0,0,d__Archaea,p__Euryarchaeota,c__Thermococci,__,__,__,__
d__Archaea;p__Euryarchaeota;c__Thermococci;o__Methanofastidiosales;f__uncultured;g__uncultured;__,5,0,1,7,0,3,1,d__Archaea,p__Euryarchaeota,c__Thermococci,o__Methanofastidiosales,f__uncultured,g__uncultured,__
d__Archaea;p__Euryarchaeota;c__Thermococci;o__Methanofastidiosales;f__uncultured;g__uncultured;s__archaeon_enrichment,1330,950,611,366,1537,876,2788,d__Archaea,p__Euryarchaeota,c__Thermococci,o__Methanofastidiosales,f__uncultured,g__uncultured,s__archaeon_enrichment
d__Archaea;p__Euryarchaeota;c__Thermococci;o__Methanofastidiosales;f__uncultured;g__uncultured;s__uncultured_archaeon,26,17,6,0,5,14,3,d__Archaea,p__Euryarchaeota,c__Thermococci,o__Methanofastidiosales,f__uncultured,g__uncultured,s__uncultured_archaeon
d__Archaea;p__Euryarchaeota;c__Thermococci;o__Methanofastidiosales;f__uncultured;g__uncultured;s__uncultured_euryarchaeote,5,0,0,0,0,0,0,d__Archaea,p__Euryarchaeota,c__Thermococci,o__Methanofastidiosales,f__uncultured,g__uncultured,s__uncultured_euryarchaeote
d__Archaea;p__Euryarchaeota;c__Thermococci;o__Methanofastidiosales;f__uncultured;g__uncultured;s__uncultured_sediment,2,0,0,0,0,0,0,d__Archaea,p__Euryarchaeota,c__Thermococci,o__Methanofastidiosales,f__uncultured,g__uncultured,s__uncultured_sediment
d__Archaea;p__Euryarchaeota;c__Thermococci;o__Thermococcales;f__Thermococcaceae;__;__,0,0,0,0,0,3,0,d__Archaea,p__Euryarchaeota,c__Thermococci,o__Thermococcales,f__Thermococcaceae,__,__
d__Archaea;p__Euryarchaeota;c__Thermococci;o__Thermococcales;f__Thermococcaceae;g__Pyrococcus;__,1,8,1,0,44,221,131,d__Archaea,p__Euryarchaeota,c__Thermococci,o__Thermococcales,f__Thermococcaceae,g__Pyrococcus,__
d__Archaea;p__Euryarchaeota;c__Thermococci;o__Thermococcales;f__Thermococcaceae;g__Pyrococcus;s__uncultured_archaeon,0,0,0,0,0,1,0,d__Archaea,p__Euryarchaeota,c__Thermococci,o__Thermococcales,f__Thermococcaceae,g__Pyrococcus,s__uncultured_archaeon
d__Archaea;p__Euryarchaeota;c__Thermococci;o__Thermococcales;f__Thermococcaceae;g__Thermococcus;__,0,11,0,0,0,2,9,d__Archaea,p__Euryarchaeota,c__Thermococci,o__Thermococcales,f__Thermococcaceae,g__Thermococcus,__
d__Archaea;p__Halobacterota;__;__;__;__;__,16,14,0,7,1,21,0,d__Archaea,p__Halobacterota,__,__,__,__,__
d__Archaea;p__Halobacterota;c__ANME-1;o__ANME-1a;f__ANME-1a;g__ANME-1a;s__uncultured_archaeon,0,0,0,0,2,0,0,d__Archaea,p__Halobacterota,c__ANME-1,o__ANME-1a,f__ANME-1a,g__ANME-1a,s__uncultured_archaeon
d__Archaea;p__Halobacterota;c__ANME-1;o__ANME-1b;f__ANME-1b;g__ANME-1b;__,0,0,0,0,46,0,34,d__Archaea,p__Halobacterota,c__ANME-1,o__ANME-1b,f__ANME-1b,g__ANME-1b,__
d__Archaea;p__Halobacterota;c__ANME-1;o__ANME-1b;f__ANME-1b;g__ANME-1b;s__uncultured_ANME-1,0,0,0,0,12,0,23,d__Archaea,p__Halobacterota,c__ANME-1,o__ANME-1b,f__ANME-1b,g__ANME-1b,s__uncultured_ANME-1
d__Archaea;p__Halobacterota;c__Methanocellia;o__Methanocellales;f__Methanocellales;g__uncultured;s__uncultured_archaeon,1,0,0,0,0,0,0,d__Archaea,p__Halobacterota,c__Methanocellia,o__Methanocellales,f__Methanocellales,g__uncultured,s__uncultured_archaeon
d__Archaea;p__Halobacterota;c__Methanomicrobia;o__Methanomicrobiales;__;__;__,5,5,0,0,2,4,0,d__Archaea,p__Halobacterota,c__Methanomicrobia,o__Methanomicrobiales,__,__,__
d__Archaea;p__Halobacterota;c__Methanomicrobia;o__Methanomicrobiales;f__Methanomicrobiaceae;__;__,17,14,0,11,0,14,1,d__Archaea,p__Halobacterota,c__Methanomicrobia,o__Methanomicrobiales,f__Methanomicrobiaceae,__,__
d__Archaea;p__Halobacterota;c__Methanomicrobia;o__Methanomicrobiales;f__Methanomicrobiaceae;g__Methanoculleus;__,0,9,0,0,0,0,0,d__Archaea,p__Halobacterota,c__Methanomicrobia,o__Methanomicrobiales,f__Methanomicrobiaceae,g__Methanoculleus,__
d__Archaea;p__Halobacterota;c__Methanomicrobia;o__Methanomicrobiales;f__Methanomicrobiaceae;g__Methanoculleus;s__uncultured_archaeon,0,5,0,0,0,0,0,d__Archaea,p__Halobacterota,c__Methanomicrobia,o__Methanomicrobiales,f__Methanomicrobiaceae,g__Methanoculleus,s__uncultured_archaeon
d__Archaea;p__Halobacterota;c__Methanomicrobia;o__Methanomicrobiales;f__Methanomicrobiaceae;g__Methanogenium;__,117,54,8,17,10,82,17,d__Archaea,p__Halobacterota,c__Methanomicrobia,o__Methanomicrobiales,f__Methanomicrobiaceae,g__Methanogenium,__
d__Archaea;p__Halobacterota;c__Methanomicrobia;o__Methanomicrobiales;f__Methanomicrobiaceae;g__Methanogenium;s__Methanomicrobiaceae_archaeon,12,5,0,0,0,6,0,d__Archaea,p__Halobacterota,c__Methanomicrobia,o__Methanomicrobiales,f__Methanomicrobiaceae,g__Methanogenium,s__Methanomicrobiaceae_archaeon
d__Archaea;p__Halobacterota;c__Methanomicrobia;o__Methanomicrobiales;f__Methanomicrobiaceae;g__Methanogenium;s__Methanomicrobiales_archaeon,0,0,1,0,0,0,0,d__Archaea,p__Halobacterota,c__Methanomicrobia,o__Methanomicrobiales,f__Methanomicrobiaceae,g__Methanogenium,s__Methanomicrobiales_archaeon
d__Archaea;p__Halobacterota;c__Methanomicrobia;o__Methanomicrobiales;f__Methanomicrobiaceae;g__Methanogenium;s__uncultured_archaeon,1527,702,233,259,604,747,933,d__Archaea,p__Halobacterota,c__Methanomicrobia,o__Methanomicrobiales,f__Methanomicrobiaceae,g__Methanogenium,s__uncultured_archaeon
d__Archaea;p__Halobacterota;c__Methanosarcinia;o__Methanosarciniales;__;__;__,225,177,8,65,5,852,8,d__Archaea,p__Halobacterota,c__Methanosarcinia,o__Methanosarciniales,__,__,__
d__Archaea;p__Halobacterota;c__Methanosarcinia;o__Methanosarciniales;f__ANME-2a-2b;__;__,2,8,0,0,0,6,0,d__Archaea,p__Halobacterota,c__Methanosarcinia,o__Methanosarciniales,f__ANME-2a-2b,__,__
d__Archaea;p__Halobacterota;c__Methanosarcinia;o__Methanosarciniales;f__ANME-2a-2b;g__ANME-2a-2b;__,36963,35517,11221,13279,21331,29874,30088,d__Archaea,p__Halobacterota,c__Methanosarcinia,o__Methanosarciniales,f__ANME-2a-2b,g__ANME-2a-2b,__
d__Archaea;p__Halobacterota;c__Methanosarcinia;o__Methanosarciniales;f__ANME-2a-2b;g__ANME-2a-2b;s__archaeon_enrichment,4374,3116,237,187,250,1177,414,d__Archaea,p__Halobacterota,c__Methanosarcinia,o__Methanosarciniales,f__ANME-2a-2b,g__ANME-2a-2b,s__archaeon_enrichment
d__Archaea;p__Halobacterota;c__Methanosarcinia;o__Methanosarciniales;f__ANME-2a-2b;g__ANME-2a-2b;s__uncultured_ANME-2,10,11,0,1,1,9,1,d__Archaea,p__Halobacterota,c__Methanosarcinia,o__Methanosarciniales,f__ANME-2a-2b,g__ANME-2a-2b,s__uncultured_ANME-2
d__Archaea;p__Halobacterota;c__Methanosarcinia;o__Methanosarciniales;f__ANME-2a-2b;g__ANME-2a-2b;s__uncultured_Methanosarcinales,338,246,27,15,0,353,6,d__Archaea,p__Halobacterota,c__Methanosarcinia,o__Methanosarciniales,f__ANME-2a-2b,g__ANME-2a-2b,s__uncultured_Methanosarcinales
d__Archaea;p__Halobacterota;c__Methanosarcinia;o__Methanosarciniales;f__ANME-2a-2b;g__ANME-2a-2b;s__uncultured_archaeon,1,3,0,13,0,37,0,d__Archaea,p__Halobacterota,c__Methanosarcinia,o__Methanosarciniales,f__ANME-2a-2b,g__ANME-2a-2b,s__uncultured_archaeon
d__Archaea;p__Halobacterota;c__Methanosarcinia;o__Methanosarciniales;f__ANME-2a-2b;g__ANME-2a-2b;s__uncultured_euryarchaeote,0,0,0,0,0,4,0,d__Archaea,p__Halobacterota,c__Methanosarcinia,o__Methanosarciniales,f__ANME-2a-2b,g__ANME-2a-2b,s__uncultured_euryarchaeote
d__Archaea;p__Halobacterota;c__Methanosarcinia;o__Methanosarciniales;f__ANME-2a-2b;g__ANME-2b;s__uncultured_Methanosaeta,4,5,0,0,0,0,0,d__Archaea,p__Halobacterota,c__Methanosarcinia,o__Methanosarciniales,f__ANME-2a-2b,g__ANME-2b,s__uncultured_Methanosaeta
d__Archaea;p__Halobacterota;c__Methanosarcinia;o__Methanosarciniales;f__ANME-2c;g__ANME-2c;__,2,0,0,0,0,0,0,d__Archaea,p__Halobacterota,c__Methanosarcinia,o__Methanosarciniales,f__ANME-2c,g__ANME-2c,__
d__Archaea;p__Halobacterota;c__Methanosarcinia;o__Methanosarciniales;f__Methanosaetaceae;g__Methanosaeta;s__Methanomicrobia_archaeon,0,4,0,0,0,0,0,d__Archaea,p__Halobacterota,c__Methanosarcinia,o__Methanosarciniales,f__Methanosaetaceae,g__Methanosaeta,s__Methanomicrobia_archaeon
d__Archaea;p__Halobacterota;c__Methanosarcinia;o__Methanosarciniales;f__Methanosarcinaceae;__;__,355,1067,47,1191,10,630,11,d__Archaea,p__Halobacterota,c__Methanosarcinia,o__Methanosarciniales,f__Methanosarcinaceae,__,__
d__Archaea;p__Halobacterota;c__Methanosarcinia;o__Methanosarciniales;f__Methanosarcinaceae;g__ANME-3;__,548,708,222,277,126,399,145,d__Archaea,p__Halobacterota,c__Methanosarcinia,o__Methanosarciniales,f__Methanosarcinaceae,g__ANME-3,__
d__Archaea;p__Halobacterota;c__Methanosarcinia;o__Methanosarciniales;f__Methanosarcinaceae;g__ANME-3;s__uncultured_Methanococcoides,120,984,24,935,4,120,3,d__Archaea,p__Halobacterota,c__Methanosarcinia,o__Methanosarciniales,f__Methanosarcinaceae,g__ANME-3,s__uncultured_Methanococcoides
d__Archaea;p__Halobacterota;c__Methanosarcinia;o__Methanosarciniales;f__Methanosarcinaceae;g__ANME-3;s__uncultured_archaeon,6,11,43,28,40,37,53,d__Archaea,p__Halobacterota,c__Methanosarcinia,o__Methanosarciniales,f__Methanosarcinaceae,g__ANME-3,s__uncultured_archaeon
d__Archaea;p__Halobacterota;c__Methanosarcinia;o__Methanosarciniales;f__Methanosarcinaceae;g__Methanococcoides;__,14477,9325,4170,2916,2888,6613,3312,d__Archaea,p__Halobacterota,c__Methanosarcinia,o__Methanosarciniales,f__Methanosarcinaceae,g__Methanococcoides,__
d__Archaea;p__Halobacterota;c__Methanosarcinia;o__Methanosarciniales;f__Methanosarcinaceae;g__Methanococcoides;s__Methanococcoides_burtonii,3,0,2,0,0,0,0,d__Archaea,p__Halobacterota,c__Methanosarcinia,o__Methanosarciniales,f__Methanosarcinaceae,g__Methanococcoides,s__Methanococcoides_burtonii
d__Archaea;p__Halobacterota;c__Methanosarcinia;o__Methanosarciniales;f__Methanosarcinaceae;g__Methanococcoides;s__uncultured_archaeon,2000,1117,212,895,26,3842,31,d__Archaea,p__Halobacterota,c__Methanosarcinia,o__Methanosarciniales,f__Methanosarcinaceae,g__Methanococcoides,s__uncultured_archaeon
d__Archaea;p__Halobacterota;c__Methanosarcinia;o__Methanosarciniales;f__Methanosarcinaceae;g__Methanohalophilus;__,0,0,2,1,1,0,0,d__Archaea,p__Halobacterota,c__Methanosarcinia,o__Methanosarciniales,f__Methanosarcinaceae,g__Methanohalophilus,__
d__Archaea;p__Halobacterota;c__Methanosarcinia;o__Methanosarciniales;f__Methanosarcinaceae;g__Methanohalophilus;s__uncultured_Methanococcoides,1,25,0,0,0,0,0,d__Archaea,p__Halobacterota,c__Methanosarcinia,o__Methanosarciniales,f__Methanosarcinaceae,g__Methanohalophilus,s__uncultured_Methanococcoides
d__Archaea;p__Halobacterota;c__Methanosarcinia;o__Methanosarciniales;f__Methanosarcinaceae;g__Methanohalophilus;s__uncultured_archaeon,1,0,1,0,0,0,0,d__Archaea,p__Halobacterota,c__Methanosarcinia,o__Methanosarciniales,f__Methanosarcinaceae,g__Methanohalophilus,s__uncultured_archaeon
d__Archaea;p__Halobacterota;c__Methanosarcinia;o__Methanosarciniales;f__Methanosarcinaceae;g__Methanolobus;__,247,18982,76,10504,0,254,0,d__Archaea,p__Halobacterota,c__Methanosarcinia,o__Methanosarciniales,f__Methanosarcinaceae,g__Methanolobus,__
d__Archaea;p__Halobacterota;c__Methanosarcinia;o__Methanosarciniales;f__Methanosarcinaceae;g__Methanolobus;s__archaeon_enrichment,0,1,0,0,0,0,0,d__Archaea,p__Halobacterota,c__Methanosarcinia,o__Methanosarciniales,f__Methanosarcinaceae,g__Methanolobus,s__archaeon_enrichment
d__Archaea;p__Halobacterota;c__Methanosarcinia;o__Methanosarciniales;f__Methanosarcinaceae;g__Methanolobus;s__uncultured_archaeon,18,11711,111,27365,0,115,0,d__Archaea,p__Halobacterota,c__Methanosarcinia,o__Methanosarciniales,f__Methanosarcinaceae,g__Methanolobus,s__uncultured_archaeon
d__Archaea;p__Halobacterota;c__Methanosarcinia;o__Methanosarciniales;f__Methanosarcinaceae;g__Methanomethylovorans;__,0,0,0,0,0,2,0,d__Archaea,p__Halobacterota,c__Methanosarcinia,o__Methanosarciniales,f__Methanosarcinaceae,g__Methanomethylovorans,__
d__Archaea;p__Halobacterota;c__Methanosarcinia;o__Methanosarciniales;f__Methanosarcinaceae;g__Methanosarcina;__,62,40,7,21,13,10,0,d__Archaea,p__Halobacterota,c__Methanosarcinia,o__Methanosarciniales,f__Methanosarcinaceae,g__Methanosarcina,__
d__Archaea;p__Halobacterota;c__Methanosarcinia;o__Methanosarciniales;f__Methanosarcinaceae;g__Methanosarcina;s__Methanosarcina_semesiae,18,20,3,3,0,0,1,d__Archaea,p__Halobacterota,c__Methanosarcinia,o__Methanosarciniales,f__Methanosarcinaceae,g__Methanosarcina,s__Methanosarcina_semesiae
d__Archaea;p__Halobacterota;c__Methanosarcinia;o__Methanosarciniales;f__Methanosarcinaceae;g__Methanosarcina;s__Methanosarcina_sp.,6,38,7,35,20,5,0,d__Archaea,p__Halobacterota,c__Methanosarcinia,o__Methanosarciniales,f__Methanosarcinaceae,g__Methanosarcina,s__Methanosarcina_sp.
d__Archaea;p__Halobacterota;c__Methanosarcinia;o__Methanosarciniales;f__Methanosarcinaceae;g__Methanosarcina;s__uncultured_archaeon,0,1,0,0,0,3,0,d__Archaea,p__Halobacterota,c__Methanosarcinia,o__Methanosarciniales,f__Methanosarcinaceae,g__Methanosarcina,s__uncultured_archaeon
d__Archaea;p__Halobacterota;c__Methanosarcinia;o__Methanosarciniales;f__Methanosarcinaceae;g__Methanosarcina;s__uncultured_bacterium,0,5,0,0,0,0,0,d__Archaea,p__Halobacterota,c__Methanosarcinia,o__Methanosarciniales,f__Methanosarcinaceae,g__Methanosarcina,s__uncultured_bacterium
d__Archaea;p__Halobacterota;c__Methanosarcinia;o__Methanosarciniales;f__Methanosarcinaceae;g__Methanosarcina;s__uncultured_prokaryote,0,13,0,0,0,0,0,d__Archaea,p__Halobacterota,c__Methanosarcinia,o__Methanosarciniales,f__Methanosarcinaceae,g__Methanosarcina,s__uncultured_prokaryote
d__Archaea;p__Halobacterota;c__Methanosarcinia;o__Methanosarciniales;f__Methanosarcinaceae;g__uncultured;__,334,582,4,340,9,1759,19,d__Archaea,p__Halobacterota,c__Methanosarcinia,o__Methanosarciniales,f__Methanosarcinaceae,g__uncultured,__
d__Archaea;p__Halobacterota;c__Methanosarcinia;o__Methanosarciniales;f__Methanosarcinaceae;g__uncultured;s__uncultured_Methanosarcinales,245,139,9,43,11,614,7,d__Archaea,p__Halobacterota,c__Methanosarcinia,o__Methanosarciniales,f__Methanosarcinaceae,g__uncultured,s__uncultured_Methanosarcinales
d__Archaea;p__Halobacterota;c__Methanosarcinia;o__Methanosarciniales;f__Methanosarcinaceae;g__uncultured;s__uncultured_archaeon,59,90,7,128,0,216,5,d__Archaea,p__Halobacterota,c__Methanosarcinia,o__Methanosarciniales,f__Methanosarcinaceae,g__uncultured,s__uncultured_archaeon
d__Archaea;p__Halobacterota;c__Methanosarcinia;o__Methanosarciniales;f__Syntrophoarchaeaceae;g__Syntrophoarchaeaceae;s__uncultured_archaeon,0,1,0,0,0,0,0,d__Archaea,p__Halobacterota,c__Methanosarcinia,o__Methanosarciniales,f__Syntrophoarchaeaceae,g__Syntrophoarchaeaceae,s__uncultured_archaeon
d__Archaea;p__Iainarchaeota;c__Iainarchaeia;o__Iainarchaeales;f__Iainarchaeales;g__Candidatus_Iainarchaeum;__,1,0,0,0,0,0,0,d__Archaea,p__Iainarchaeota,c__Iainarchaeia,o__Iainarchaeales,f__Iainarchaeales,g__Candidatus_Iainarchaeum,__
d__Archaea;p__Iainarchaeota;c__Iainarchaeia;o__Iainarchaeales;f__Iainarchaeales;g__Candidatus_Iainarchaeum;s__metagenome,1,0,0,0,0,0,0,d__Archaea,p__Iainarchaeota,c__Iainarchaeia,o__Iainarchaeales,f__Iainarchaeales,g__Candidatus_Iainarchaeum,s__metagenome
d__Archaea;p__Iainarchaeota;c__Iainarchaeia;o__Iainarchaeales;f__Iainarchaeales;g__Candidatus_Iainarchaeum;s__uncultured_archaeon,3,0,0,0,0,0,0,d__Archaea,p__Iainarchaeota,c__Iainarchaeia,o__Iainarchaeales,f__Iainarchaeales,g__Candidatus_Iainarchaeum,s__uncultured_archaeon
d__Archaea;p__Iainarchaeota;c__Iainarchaeia;o__Iainarchaeales;f__Iainarchaeales;g__Iainarchaeales;__,4,5,1,0,0,0,0,d__Archaea,p__Iainarchaeota,c__Iainarchaeia,o__Iainarchaeales,f__Iainarchaeales,g__Iainarchaeales,__
d__Archaea;p__Iainarchaeota;c__Iainarchaeia;o__Iainarchaeales;f__Iainarchaeales;g__Iainarchaeales;s__uncultured_archaeon,15,0,2,0,0,1,1,d__Archaea,p__Iainarchaeota,c__Iainarchaeia,o__Iainarchaeales,f__Iainarchaeales,g__Iainarchaeales,s__uncultured_archaeon
d__Archaea;p__Iainarchaeota;c__Iainarchaeia;o__Iainarchaeales;f__Iainarchaeales;g__Iainarchaeales;s__uncultured_euryarchaeote,13,0,1,0,0,3,1,d__Archaea,p__Iainarchaeota,c__Iainarchaeia,o__Iainarchaeales,f__Iainarchaeales,g__Iainarchaeales,s__uncultured_euryarchaeote
d__Archaea;p__Iainarchaeota;c__Iainarchaeia;o__Iainarchaeales;f__Iainarchaeales;g__Iainarchaeales;s__unidentified_archaeon,1,0,0,0,0,0,0,d__Archaea,p__Iainarchaeota,c__Iainarchaeia,o__Iainarchaeales,f__Iainarchaeales,g__Iainarchaeales,s__unidentified_archaeon
d__Archaea;p__Micrarchaeota;c__Micrarchaeia;o__Micrarchaeales;f__CG1-02-32-21;g__CG1-02-32-21;s__uncultured_euryarchaeote,7,9,0,0,2,7,1,d__Archaea,p__Micrarchaeota,c__Micrarchaeia,o__Micrarchaeales,f__CG1-02-32-21,g__CG1-02-32-21,s__uncultured_euryarchaeote
d__Archaea;p__Micrarchaeota;c__Micrarchaeia;o__Micrarchaeales;f__Micrarchaeales;g__Micrarchaeales;s__uncultured_archaeon,1,0,0,0,0,0,0,d__Archaea,p__Micrarchaeota,c__Micrarchaeia,o__Micrarchaeales,f__Micrarchaeales,g__Micrarchaeales,s__uncultured_archaeon
d__Archaea;p__Micrarchaeota;c__Micrarchaeia;o__Micrarchaeales;f__Micrarchaeales;g__Micrarchaeales;s__uncultured_euryarchaeote,7,0,0,0,0,0,0,d__Archaea,p__Micrarchaeota,c__Micrarchaeia,o__Micrarchaeales,f__Micrarchaeales,g__Micrarchaeales,s__uncultured_euryarchaeote
d__Archaea;p__Nanoarchaeota;c__Nanoarchaeia;o__Woesearchaeales;__;__;__,40,96,0,0,0,4,0,d__Archaea,p__Nanoarchaeota,c__Nanoarchaeia,o__Woesearchaeales,__,__,__
d__Archaea;p__Nanoarchaeota;c__Nanoarchaeia;o__Woesearchaeales;f__GW2011;g__AR15;s__archaeon_GW2011_AR15,0,0,3,0,6,1,4,d__Archaea,p__Nanoarchaeota,c__Nanoarchaeia,o__Woesearchaeales,f__GW2011,g__AR15,s__archaeon_GW2011_AR15
d__Archaea;p__Nanoarchaeota;c__Nanoarchaeia;o__Woesearchaeales;f__GW2011;g__AR15;s__uncultured_euryarchaeote,1,0,0,0,0,0,0,d__Archaea,p__Nanoarchaeota,c__Nanoarchaeia,o__Woesearchaeales,f__GW2011,g__AR15,s__uncultured_euryarchaeote
d__Archaea;p__Nanoarchaeota;c__Nanoarchaeia;o__Woesearchaeales;f__GW2011_GWC1_47_15;g__GW2011_GWC1_47_15;__,0,2,0,0,0,0,0,d__Archaea,p__Nanoarchaeota,c__Nanoarchaeia,o__Woesearchaeales,f__GW2011_GWC1_47_15,g__GW2011_GWC1_47_15,__
d__Archaea;p__Nanoarchaeota;c__Nanoarchaeia;o__Woesearchaeales;f__GW2011_GWC1_47_15;g__GW2011_GWC1_47_15;s__Candidatus_Pacearchaeota,7,7,0,0,0,0,0,d__Archaea,p__Nanoarchaeota,c__Nanoarchaeia,o__Woesearchaeales,f__GW2011_GWC1_47_15,g__GW2011_GWC1_47_15,s__Candidatus_Pacearchaeota
d__Archaea;p__Nanoarchaeota;c__Nanoarchaeia;o__Woesearchaeales;f__GW2011_GWC1_47_15;g__GW2011_GWC1_47_15;s__uncultured_archaeon,2,0,0,0,0,0,0,d__Archaea,p__Nanoarchaeota,c__Nanoarchaeia,o__Woesearchaeales,f__GW2011_GWC1_47_15,g__GW2011_GWC1_47_15,s__uncultured_archaeon
d__Archaea;p__Nanoarchaeota;c__Nanoarchaeia;o__Woesearchaeales;f__SCGC_AAA011-D5;g__SCGC_AAA011-D5;__,84,78,0,0,4,0,3,d__Archaea,p__Nanoarchaeota,c__Nanoarchaeia,o__Woesearchaeales,f__SCGC_AAA011-D5,g__SCGC_AAA011-D5,__
d__Archaea;p__Nanoarchaeota;c__Nanoarchaeia;o__Woesearchaeales;f__SCGC_AAA011-D5;g__SCGC_AAA011-D5;s__Candidatus_Diapherotrites,15,12,0,0,0,0,0,d__Archaea,p__Nanoarchaeota,c__Nanoarchaeia,o__Woesearchaeales,f__SCGC_AAA011-D5,g__SCGC_AAA011-D5,s__Candidatus_Diapherotrites
d__Archaea;p__Nanoarchaeota;c__Nanoarchaeia;o__Woesearchaeales;f__SCGC_AAA011-D5;g__SCGC_AAA011-D5;s__Candidatus_Pacearchaeota,1,0,0,0,0,0,0,d__Archaea,p__Nanoarchaeota,c__Nanoarchaeia,o__Woesearchaeales,f__SCGC_AAA011-D5,g__SCGC_AAA011-D5,s__Candidatus_Pacearchaeota
d__Archaea;p__Nanoarchaeota;c__Nanoarchaeia;o__Woesearchaeales;f__SCGC_AAA011-D5;g__SCGC_AAA011-D5;s__uncultured_archaeon,238,100,3,10,6,12,15,d__Archaea,p__Nanoarchaeota,c__Nanoarchaeia,o__Woesearchaeales,f__SCGC_AAA011-D5,g__SCGC_AAA011-D5,s__uncultured_archaeon
d__Archaea;p__Nanoarchaeota;c__Nanoarchaeia;o__Woesearchaeales;f__SCGC_AAA011-D5;g__SCGC_AAA011-D5;s__uncultured_euryarchaeote,44,48,3,3,0,0,1,d__Archaea,p__Nanoarchaeota,c__Nanoarchaeia,o__Woesearchaeales,f__SCGC_AAA011-D5,g__SCGC_AAA011-D5,s__uncultured_euryarchaeote
d__Archaea;p__Nanoarchaeota;c__Nanoarchaeia;o__Woesearchaeales;f__SCGC_AAA286-E23;g__SCGC_AAA286-E23;s__Euryarchaeota_archaeon,8,0,0,0,0,0,0,d__Archaea,p__Nanoarchaeota,c__Nanoarchaeia,o__Woesearchaeales,f__SCGC_AAA286-E23,g__SCGC_AAA286-E23,s__Euryarchaeota_archaeon
d__Archaea;p__Nanoarchaeota;c__Nanoarchaeia;o__Woesearchaeales;f__Woesearchaeales;g__Woesearchaeales;__,157,77,8,10,36,13,23,d__Archaea,p__Nanoarchaeota,c__Nanoarchaeia,o__Woesearchaeales,f__Woesearchaeales,g__Woesearchaeales,__
d__Archaea;p__Nanoarchaeota;c__Nanoarchaeia;o__Woesearchaeales;f__Woesearchaeales;g__Woesearchaeales;s__Candidatus_Pacearchaeota,5,6,1,2,3,4,1,d__Archaea,p__Nanoarchaeota,c__Nanoarchaeia,o__Woesearchaeales,f__Woesearchaeales,g__Woesearchaeales,s__Candidatus_Pacearchaeota
d__Archaea;p__Nanoarchaeota;c__Nanoarchaeia;o__Woesearchaeales;f__Woesearchaeales;g__Woesearchaeales;s__marine_metagenome,0,0,0,0,0,0,3,d__Archaea,p__Nanoarchaeota,c__Nanoarchaeia,o__Woesearchaeales,f__Woesearchaeales,g__Woesearchaeales,s__marine_metagenome
d__Archaea;p__Nanoarchaeota;c__Nanoarchaeia;o__Woesearchaeales;f__Woesearchaeales;g__Woesearchaeales;s__metagenome,1,11,0,0,0,0,0,d__Archaea,p__Nanoarchaeota,c__Nanoarchaeia,o__Woesearchaeales,f__Woesearchaeales,g__Woesearchaeales,s__metagenome
d__Archaea;p__Nanoarchaeota;c__Nanoarchaeia;o__Woesearchaeales;f__Woesearchaeales;g__Woesearchaeales;s__uncultured_archaeon,21,15,2,0,2,1,3,d__Archaea,p__Nanoarchaeota,c__Nanoarchaeia,o__Woesearchaeales,f__Woesearchaeales,g__Woesearchaeales,s__uncultured_archaeon
d__Archaea;p__Nanoarchaeota;c__Nanoarchaeia;o__Woesearchaeales;f__Woesearchaeales;g__Woesearchaeales;s__uncultured_bacterium,70,241,15,0,10,5,7,d__Archaea,p__Nanoarchaeota,c__Nanoarchaeia,o__Woesearchaeales,f__Woesearchaeales,g__Woesearchaeales,s__uncultured_bacterium
d__Archaea;p__Nanoarchaeota;c__Nanoarchaeia;o__Woesearchaeales;f__Woesearchaeales;g__Woesearchaeales;s__uncultured_crenarchaeote,6,14,0,0,0,0,0,d__Archaea,p__Nanoarchaeota,c__Nanoarchaeia,o__Woesearchaeales,f__Woesearchaeales,g__Woesearchaeales,s__uncultured_crenarchaeote
d__Archaea;p__Nanoarchaeota;c__Nanoarchaeia;o__Woesearchaeales;f__Woesearchaeales;g__Woesearchaeales;s__uncultured_euryarchaeote,72,41,3,3,16,3,10,d__Archaea,p__Nanoarchaeota,c__Nanoarchaeia,o__Woesearchaeales,f__Woesearchaeales,g__Woesearchaeales,s__uncultured_euryarchaeote
d__Archaea;p__Thermoplasmatota;__;__;__;__;__,0,0,0,0,0,2,0,d__Archaea,p__Thermoplasmatota,__,__,__,__,__
d__Archaea;p__Thermoplasmatota;c__Thermoplasmata;__;__;__;__,0,8,0,0,1,1,1,d__Archaea,p__Thermoplasmatota,c__Thermoplasmata,__,__,__,__
d__Archaea;p__Thermoplasmatota;c__Thermoplasmata;o__Marine_Benthic_Group_D_and_DHVEG-1;f__Marine_Benthic_Group_D_and_DHVEG-1;g__Marine_Benthic_Group_D_and_DHVEG-1;__,9487,7963,5142,3187,9407,6372,12379,d__Archaea,p__Thermoplasmatota,c__Thermoplasmata,o__Marine_Benthic_Group_D_and_DHVEG-1,f__Marine_Benthic_Group_D_and_DHVEG-1,g__Marine_Benthic_Group_D_and_DHVEG-1,__
d__Archaea;p__Thermoplasmatota;c__Thermoplasmata;o__Marine_Benthic_Group_D_and_DHVEG-1;f__Marine_Benthic_Group_D_and_DHVEG-1;g__Marine_Benthic_Group_D_and_DHVEG-1;s__archaeon_enrichment,18372,14050,9051,5303,17672,11237,25799,d__Archaea,p__Thermoplasmatota,c__Thermoplasmata,o__Marine_Benthic_Group_D_and_DHVEG-1,f__Marine_Benthic_Group_D_and_DHVEG-1,g__Marine_Benthic_Group_D_and_DHVEG-1,s__archaeon_enrichment
d__Archaea;p__Thermoplasmatota;c__Thermoplasmata;o__Marine_Benthic_Group_D_and_DHVEG-1;f__Marine_Benthic_Group_D_and_DHVEG-1;g__Marine_Benthic_Group_D_and_DHVEG-1;s__uncultured_DHVE1,0,2,0,0,0,0,0,d__Archaea,p__Thermoplasmatota,c__Thermoplasmata,o__Marine_Benthic_Group_D_and_DHVEG-1,f__Marine_Benthic_Group_D_and_DHVEG-1,g__Marine_Benthic_Group_D_and_DHVEG-1,s__uncultured_DHVE1
d__Archaea;p__Thermoplasmatota;c__Thermoplasmata;o__Marine_Benthic_Group_D_and_DHVEG-1;f__Marine_Benthic_Group_D_and_DHVEG-1;g__Marine_Benthic_Group_D_and_DHVEG-1;s__uncultured_Thermoplasmatales,46,62,21,5,16,16,41,d__Archaea,p__Thermoplasmatota,c__Thermoplasmata,o__Marine_Benthic_Group_D_and_DHVEG-1,f__Marine_Benthic_Group_D_and_DHVEG-1,g__Marine_Benthic_Group_D_and_DHVEG-1,s__uncultured_Thermoplasmatales
d__Archaea;p__Thermoplasmatota;c__Thermoplasmata;o__Marine_Benthic_Group_D_and_DHVEG-1;f__Marine_Benthic_Group_D_and_DHVEG-1;g__Marine_Benthic_Group_D_and_DHVEG-1;s__uncultured_archaeon,75,111,114,65,75,80,109,d__Archaea,p__Thermoplasmatota,c__Thermoplasmata,o__Marine_Benthic_Group_D_and_DHVEG-1,f__Marine_Benthic_Group_D_and_DHVEG-1,g__Marine_Benthic_Group_D_and_DHVEG-1,s__uncultured_archaeon
d__Archaea;p__Thermoplasmatota;c__Thermoplasmata;o__Marine_Benthic_Group_D_and_DHVEG-1;f__Marine_Benthic_Group_D_and_DHVEG-1;g__Marine_Benthic_Group_D_and_DHVEG-1;s__uncultured_crenarchaeote,4,2,1,0,0,1,1,d__Archaea,p__Thermoplasmatota,c__Thermoplasmata,o__Marine_Benthic_Group_D_and_DHVEG-1,f__Marine_Benthic_Group_D_and_DHVEG-1,g__Marine_Benthic_Group_D_and_DHVEG-1,s__uncultured_crenarchaeote
d__Archaea;p__Thermoplasmatota;c__Thermoplasmata;o__Marine_Benthic_Group_D_and_DHVEG-1;f__Marine_Benthic_Group_D_and_DHVEG-1;g__Marine_Benthic_Group_D_and_DHVEG-1;s__uncultured_eukaryote,37,17,2,0,1,0,0,d__Archaea,p__Thermoplasmatota,c__Thermoplasmata,o__Marine_Benthic_Group_D_and_DHVEG-1,f__Marine_Benthic_Group_D_and_DHVEG-1,g__Marine_Benthic_Group_D_and_DHVEG-1,s__uncultured_eukaryote
d__Archaea;p__Thermoplasmatota;c__Thermoplasmata;o__Marine_Benthic_Group_D_and_DHVEG-1;f__Marine_Benthic_Group_D_and_DHVEG-1;g__Marine_Benthic_Group_D_and_DHVEG-1;s__uncultured_euryarchaeote,338,230,100,42,176,104,223,d__Archaea,p__Thermoplasmatota,c__Thermoplasmata,o__Marine_Benthic_Group_D_and_DHVEG-1,f__Marine_Benthic_Group_D_and_DHVEG-1,g__Marine_Benthic_Group_D_and_DHVEG-1,s__uncultured_euryarchaeote
d__Archaea;p__Thermoplasmatota;c__Thermoplasmata;o__Marine_Group_II;f__Marine_Group_II;g__Marine_Group_II;__,2,0,0,0,20,0,45,d__Archaea,p__Thermoplasmatota,c__Thermoplasmata,o__Marine_Group_II,f__Marine_Group_II,g__Marine_Group_II,__
d__Archaea;p__Thermoplasmatota;c__Thermoplasmata;o__Marine_Group_II;f__Marine_Group_II;g__Marine_Group_II;s__uncultured_archaeon,0,1,0,0,12,0,14,d__Archaea,p__Thermoplasmatota,c__Thermoplasmata,o__Marine_Group_II,f__Marine_Group_II,g__Marine_Group_II,s__uncultured_archaeon
d__Archaea;p__Thermoplasmatota;c__Thermoplasmata;o__Marine_Group_II;f__Marine_Group_II;g__Marine_Group_II;s__uncultured_euryarchaeote,0,0,1,0,28,0,22,d__Archaea,p__Thermoplasmatota,c__Thermoplasmata,o__Marine_Group_II,f__Marine_Group_II,g__Marine_Group_II,s__uncultured_euryarchaeote
d__Archaea;p__Thermoplasmatota;c__Thermoplasmata;o__Marine_Group_II;f__Marine_Group_II;g__Marine_Group_II;s__uncultured_haloarchaeon,0,0,0,0,13,0,22,d__Archaea,p__Thermoplasmatota,c__Thermoplasmata,o__Marine_Group_II,f__Marine_Group_II,g__Marine_Group_II,s__uncultured_haloarchaeon
d__Archaea;p__Thermoplasmatota;c__Thermoplasmata;o__Methanomassiliicoccales;f__Methanomassiliicoccaceae;g__uncultured;__,1,0,0,0,0,0,0,d__Archaea,p__Thermoplasmatota,c__Thermoplasmata,o__Methanomassiliicoccales,f__Methanomassiliicoccaceae,g__uncultured,__
d__Archaea;p__Thermoplasmatota;c__Thermoplasmata;o__Methanomassiliicoccales;f__Methanomassiliicoccaceae;g__uncultured;s__uncultured_archaeon,0,0,0,0,1,0,1,d__Archaea,p__Thermoplasmatota,c__Thermoplasmata,o__Methanomassiliicoccales,f__Methanomassiliicoccaceae,g__uncultured,s__uncultured_archaeon
d__Archaea;p__Thermoplasmatota;c__Thermoplasmata;o__Methanomassiliicoccales;f__Methanomethylophilaceae;g__Candidatus_Methanomethylophilus;__,0,8,0,0,0,0,0,d__Archaea,p__Thermoplasmatota,c__Thermoplasmata,o__Methanomassiliicoccales,f__Methanomethylophilaceae,g__Candidatus_Methanomethylophilus,__
d__Archaea;p__Thermoplasmatota;c__Thermoplasmata;o__SG8-5;f__SG8-5;g__SG8-5;__,1,0,0,0,0,0,0,d__Archaea,p__Thermoplasmatota,c__Thermoplasmata,o__SG8-5,f__SG8-5,g__SG8-5,__
d__Archaea;p__Thermoplasmatota;c__Thermoplasmata;o__SG8-5;f__SG8-5;g__SG8-5;s__uncultured_Thermoplasmatales,1,0,0,0,0,0,0,d__Archaea,p__Thermoplasmatota,c__Thermoplasmata,o__SG8-5,f__SG8-5,g__SG8-5,s__uncultured_Thermoplasmatales
d__Archaea;p__Thermoplasmatota;c__Thermoplasmata;o__SG8-5;f__SG8-5;g__SG8-5;s__uncultured_sediment,36,43,7,9,3,10,11,d__Archaea,p__Thermoplasmatota,c__Thermoplasmata,o__SG8-5,f__SG8-5,g__SG8-5,s__uncultured_sediment
d__Archaea;p__Thermoplasmatota;c__Thermoplasmata;o__uncultured;f__uncultured;g__uncultured;s__uncultured_archaeon,6,10,0,0,6,0,9,d__Archaea,p__Thermoplasmatota,c__Thermoplasmata,o__uncultured,f__uncultured,g__uncultured,s__uncultured_archaeon
d__Archaea;p__Thermoplasmatota;c__Thermoplasmata;o__uncultured;f__uncultured;g__uncultured;s__uncultured_eukaryote,0,17,0,0,0,0,0,d__Archaea,p__Thermoplasmatota,c__Thermoplasmata,o__uncultured,f__uncultured,g__uncultured,s__uncultured_eukaryote
d__Archaea;p__Thermoplasmatota;c__Thermoplasmatota;o__Thermoplasmatota;f__Thermoplasmatota;g__uncultured;__,0,0,0,0,0,0,2,d__Archaea,p__Thermoplasmatota,c__Thermoplasmatota,o__Thermoplasmatota,f__Thermoplasmatota,g__uncultured,__
d__Archaea;p__uncultured;c__uncultured;o__uncultured;f__uncultured;g__uncultured;s__uncultured_archaeon,3,0,0,0,0,0,0,d__Archaea,p__uncultured,c__uncultured,o__uncultured,f__uncultured,g__uncultured,s__uncultured_archaeon