Carbohydrate metabolism	Central carbohydrate metabolism	M00001	Glycolysis (Embden-Meyerhof pathway), glucose => pyruvate 
Carbohydrate metabolism	Central carbohydrate metabolism	M00002	Glycolysis, core module involving three-carbon compounds 
Carbohydrate metabolism	Central carbohydrate metabolism	M00003	Gluconeogenesis, oxaloacetate => fructose-6P 
Carbohydrate metabolism	Central carbohydrate metabolism	M00307	Pyruvate oxidation, pyruvate => acetyl-CoA 
Carbohydrate metabolism	Central carbohydrate metabolism	M00009	Citrate cycle (TCA cycle, Krebs cycle) 
Carbohydrate metabolism	Central carbohydrate metabolism	M00010	Citrate cycle, first carbon oxidation, oxaloacetate => 2-oxoglutarate 
Carbohydrate metabolism	Central carbohydrate metabolism	M00011	Citrate cycle, second carbon oxidation, 2-oxoglutarate => oxaloacetate 
Carbohydrate metabolism	Central carbohydrate metabolism	M00004	Pentose phosphate pathway (Pentose phosphate cycle) 
Carbohydrate metabolism	Central carbohydrate metabolism	M00006	Pentose phosphate pathway, oxidative phase, glucose 6P => ribulose 5P 
Carbohydrate metabolism	Central carbohydrate metabolism	M00007	Pentose phosphate pathway, non-oxidative phase, fructose 6P => ribose 5P 
Carbohydrate metabolism	Central carbohydrate metabolism	M00580	Pentose phosphate pathway, archaea, fructose 6P => ribose 5P 
Carbohydrate metabolism	Central carbohydrate metabolism	M00005	PRPP biosynthesis, ribose 5P => PRPP 
Carbohydrate metabolism	Central carbohydrate metabolism	M00008	Entner-Doudoroff pathway, glucose-6P => glyceraldehyde-3P + pyruvate 
Carbohydrate metabolism	Central carbohydrate metabolism	M00308	Semi-phosphorylative Entner-Doudoroff pathway, gluconate => glycerate-3P 
Carbohydrate metabolism	Central carbohydrate metabolism	M00633	Semi-phosphorylative Entner-Doudoroff pathway, gluconate/galactonate => glycerate-3P 
Carbohydrate metabolism	Central carbohydrate metabolism	M00309	Non-phosphorylative Entner-Doudoroff pathway, gluconate/galactonate => glycerate 
Carbohydrate metabolism	Other carbohydrate metabolism	M00014	Glucuronate pathway (uronate pathway) 
Carbohydrate metabolism	Other carbohydrate metabolism	M00630	D-Galacturonate degradation (fungi), D-galacturonate => glycerol 
Carbohydrate metabolism	Other carbohydrate metabolism	M00631	D-Galacturonate degradation (bacteria), D-galacturonate => pyruvate + D-glyceraldehyde 3P 
Carbohydrate metabolism	Other carbohydrate metabolism	M00061	D-Glucuronate degradation, D-glucuronate => pyruvate + D-glyceraldehyde 3P 
Carbohydrate metabolism	Other carbohydrate metabolism	M00081	Pectin degradation 
Carbohydrate metabolism	Other carbohydrate metabolism	M00632	Galactose degradation, Leloir pathway, galactose => alpha-D-glucose-1P 
Carbohydrate metabolism	Other carbohydrate metabolism	M00552	D-galactonate degradation, De Ley-Doudoroff pathway, D-galactonate => glycerate-3P 
Carbohydrate metabolism	Other carbohydrate metabolism	M00129	Ascorbate biosynthesis, animals, glucose-1P => ascorbate 
Carbohydrate metabolism	Other carbohydrate metabolism	M00114	Ascorbate biosynthesis, plants, fructose-6P => ascorbate 
Carbohydrate metabolism	Other carbohydrate metabolism	M00550	Ascorbate degradation, ascorbate => D-xylulose-5P 
Carbohydrate metabolism	Other carbohydrate metabolism	M00854	Glycogen biosynthesis, glucose-1P => glycogen/starch 
Carbohydrate metabolism	Other carbohydrate metabolism	M00855	Glycogen degradation, glycogen => glucose-6P 
Carbohydrate metabolism	Other carbohydrate metabolism	M00565	Trehalose biosynthesis, D-glucose 1P => trehalose 
Carbohydrate metabolism	Other carbohydrate metabolism	M00549	Nucleotide sugar biosynthesis, glucose => UDP-glucose 
Carbohydrate metabolism	Other carbohydrate metabolism	M00554	Nucleotide sugar biosynthesis, galactose => UDP-galactose 
Carbohydrate metabolism	Other carbohydrate metabolism	M00892	UDP-N-acetyl-D-glucosamine biosynthesis, eukaryotes, glucose => UDP-GlcNAc 
Carbohydrate metabolism	Other carbohydrate metabolism	M00909	UDP-N-acetyl-D-glucosamine biosynthesis, prokaryotes, glucose => UDP-GlcNAc 
Carbohydrate metabolism	Other carbohydrate metabolism	M00761	Undecaprenylphosphate alpha-L-Ara4N biosynthesis, UDP-GlcA => undecaprenyl phosphate alpha-L-Ara4N 
Carbohydrate metabolism	Other carbohydrate metabolism	M00012	Glyoxylate cycle 
Carbohydrate metabolism	Other carbohydrate metabolism	M00373	Ethylmalonyl pathway 
Carbohydrate metabolism	Other carbohydrate metabolism	M00740	Methylaspartate cycle 
Carbohydrate metabolism	Other carbohydrate metabolism	M00532	Photorespiration 
Carbohydrate metabolism	Other carbohydrate metabolism	M00013	Malonate semialdehyde pathway, propanoyl-CoA => acetyl-CoA 
Carbohydrate metabolism	Other carbohydrate metabolism	M00741	Propanoyl-CoA metabolism, propanoyl-CoA => succinyl-CoA 
Carbohydrate metabolism	Other carbohydrate metabolism	M00130	Inositol phosphate metabolism, PI=> PIP2 => Ins(1,4,5)P3 => Ins(1,3,4,5)P4 
Carbohydrate metabolism	Other carbohydrate metabolism	M00131	Inositol phosphate metabolism, Ins(1,3,4,5)P4 => Ins(1,3,4)P3 => myo-inositol 
Carbohydrate metabolism	Other carbohydrate metabolism	M00132	Inositol phosphate metabolism, Ins(1,3,4)P3 => phytate 
Energy metabolism	Carbon fixation	M00165	Reductive pentose phosphate cycle (Calvin cycle) 
Energy metabolism	Carbon fixation	M00166	Reductive pentose phosphate cycle, ribulose-5P => glyceraldehyde-3P 
Energy metabolism	Carbon fixation	M00167	Reductive pentose phosphate cycle, glyceraldehyde-3P => ribulose-5P 
Energy metabolism	Carbon fixation	M00168	CAM (Crassulacean acid metabolism), dark 
Energy metabolism	Carbon fixation	M00169	CAM (Crassulacean acid metabolism), light 
Energy metabolism	Carbon fixation	M00172	C4-dicarboxylic acid cycle, NADP - malic enzyme type 
Energy metabolism	Carbon fixation	M00171	C4-dicarboxylic acid cycle, NAD - malic enzyme type 
Energy metabolism	Carbon fixation	M00170	C4-dicarboxylic acid cycle, phosphoenolpyruvate carboxykinase type 
Energy metabolism	Carbon fixation	M00173	Reductive citrate cycle (Arnon-Buchanan cycle) 
Energy metabolism	Carbon fixation	M00376	3-Hydroxypropionate bi-cycle 
Energy metabolism	Carbon fixation	M00375	Hydroxypropionate-hydroxybutylate cycle 
Energy metabolism	Carbon fixation	M00374	Dicarboxylate-hydroxybutyrate cycle 
Energy metabolism	Carbon fixation	M00377	Reductive acetyl-CoA pathway (Wood-Ljungdahl pathway) 
Energy metabolism	Carbon fixation	M00579	Phosphate acetyltransferase-acetate kinase pathway, acetyl-CoA => acetate 
Energy metabolism	Carbon fixation	M00620	Incomplete reductive citrate cycle, acetyl-CoA => oxoglutarate 
Energy metabolism	Methane metabolism	M00567	Methanogenesis, CO2 => methane 
Energy metabolism	Methane metabolism	M00357	Methanogenesis, acetate => methane 
Energy metabolism	Methane metabolism	M00356	Methanogenesis, methanol => methane 
Energy metabolism	Methane metabolism	M00563	Methanogenesis, methylamine/dimethylamine/trimethylamine => methane 
Energy metabolism	Methane metabolism	M00358	Coenzyme M biosynthesis 
Energy metabolism	Methane metabolism	M00608	2-Oxocarboxylic acid chain extension, 2-oxoglutarate => 2-oxoadipate => 2-oxopimelate => 2-oxosuberate 
Energy metabolism	Methane metabolism	M00174	Methane oxidation, methanotroph, methane => formaldehyde 
Energy metabolism	Methane metabolism	M00346	Formaldehyde assimilation, serine pathway 
Energy metabolism	Methane metabolism	M00345	Formaldehyde assimilation, ribulose monophosphate pathway 
Energy metabolism	Methane metabolism	M00344	Formaldehyde assimilation, xylulose monophosphate pathway 
Energy metabolism	Methane metabolism	M00378	F420 biosynthesis 
Energy metabolism	Methane metabolism	M00935	Methanofuran biosynthesis 
Energy metabolism	Methane metabolism	M00422	Acetyl-CoA pathway, CO2 => acetyl-CoA 
Energy metabolism	Nitrogen metabolism	M00175	Nitrogen fixation, nitrogen => ammonia 
Energy metabolism	Nitrogen metabolism	M00531	Assimilatory nitrate reduction, nitrate => ammonia 
Energy metabolism	Nitrogen metabolism	M00530	Dissimilatory nitrate reduction, nitrate => ammonia 
Energy metabolism	Nitrogen metabolism	M00529	Denitrification, nitrate => nitrogen 
Energy metabolism	Nitrogen metabolism	M00528	Nitrification, ammonia => nitrite 
Energy metabolism	Nitrogen metabolism	M00804	Complete nitrification, comammox, ammonia => nitrite => nitrate 
Energy metabolism	Sulfur metabolism	M00176	Assimilatory sulfate reduction, sulfate => H2S 
Energy metabolism	Sulfur metabolism	M00596	Dissimilatory sulfate reduction, sulfate => H2S 
Energy metabolism	Sulfur metabolism	M00595	Thiosulfate oxidation by SOX complex, thiosulfate => sulfate 
Energy metabolism	Photosynthesis	M00161	Photosystem II 
Energy metabolism	Photosynthesis	M00163	Photosystem I 
Energy metabolism	Photosynthesis	M00597	Anoxygenic photosystem II 
Energy metabolism	Photosynthesis	M00598	Anoxygenic photosystem I 
Energy metabolism	ATP synthesis	M00144	NADH:quinone oxidoreductase, prokaryotes 
Energy metabolism	ATP synthesis	M00145	NAD(P)H:quinone oxidoreductase, chloroplasts and cyanobacteria 
Energy metabolism	ATP synthesis	M00142	NADH:ubiquinone oxidoreductase, mitochondria 
Energy metabolism	ATP synthesis	M00143	NADH dehydrogenase (ubiquinone) Fe-S protein/flavoprotein complex, mitochondria 
Energy metabolism	ATP synthesis	M00146	NADH dehydrogenase (ubiquinone) 1 alpha subcomplex 
Energy metabolism	ATP synthesis	M00147	NADH dehydrogenase (ubiquinone) 1 beta subcomplex 
Energy metabolism	ATP synthesis	M00149	Succinate dehydrogenase, prokaryotes 
Energy metabolism	ATP synthesis	M00150	Fumarate reductase, prokaryotes 
Energy metabolism	ATP synthesis	M00148	Succinate dehydrogenase (ubiquinone) 
Energy metabolism	ATP synthesis	M00162	Cytochrome b6f complex 
Energy metabolism	ATP synthesis	M00151	Cytochrome bc1 complex respiratory unit 
Energy metabolism	ATP synthesis	M00152	Cytochrome bc1 complex 
Energy metabolism	ATP synthesis	M00154	Cytochrome c oxidase 
Energy metabolism	ATP synthesis	M00155	Cytochrome c oxidase, prokaryotes 
Energy metabolism	ATP synthesis	M00153	Cytochrome bd ubiquinol oxidase 
Energy metabolism	ATP synthesis	M00417	Cytochrome o ubiquinol oxidase 
Energy metabolism	ATP synthesis	M00416	Cytochrome aa3-600 menaquinol oxidase 
Energy metabolism	ATP synthesis	M00156	Cytochrome c oxidase, cbb3-type 
Energy metabolism	ATP synthesis	M00157	F-type ATPase, prokaryotes and chloroplasts 
Energy metabolism	ATP synthesis	M00158	F-type ATPase, eukaryotes 
Energy metabolism	ATP synthesis	M00159	V-type ATPase, prokaryotes 
Energy metabolism	ATP synthesis	M00160	V-type ATPase, eukaryotes 
Lipid metabolism	Fatty acid metabolism	M00082	Fatty acid biosynthesis, initiation 
Lipid metabolism	Fatty acid metabolism	M00083	Fatty acid biosynthesis, elongation 
Lipid metabolism	Fatty acid metabolism	M00873	Fatty acid biosynthesis in mitochondria, animals 
Lipid metabolism	Fatty acid metabolism	M00874	Fatty acid biosynthesis in mitochondria, fungi 
Lipid metabolism	Fatty acid metabolism	M00085	Fatty acid elongation in mitochondria 
Lipid metabolism	Fatty acid metabolism	M00415	Fatty acid elongation in endoplasmic reticulum 
Lipid metabolism	Fatty acid metabolism	M00086	beta-Oxidation, acyl-CoA synthesis 
Lipid metabolism	Fatty acid metabolism	M00087	beta-Oxidation 
Lipid metabolism	Fatty acid metabolism	M00861	beta-Oxidation, peroxisome, VLCFA 
Lipid metabolism	Sterol biosynthesis	M00101	Cholesterol biosynthesis, squalene 2,3-epoxide => cholesterol 
Lipid metabolism	Sterol biosynthesis	M00102	Ergocalciferol biosynthesis, squalene 2,3-epoxide => ergosterol/ergocalciferol 
Lipid metabolism	Sterol biosynthesis	M00917	Phytosterol biosynthesis, squalene 2,3-epoxide => campesterol/sitosterol 
Lipid metabolism	Sterol biosynthesis	M00103	Cholecalciferol biosynthesis 
Lipid metabolism	Sterol biosynthesis	M00104	Bile acid biosynthesis, cholesterol => cholate/chenodeoxycholate 
Lipid metabolism	Sterol biosynthesis	M00106	Conjugated bile acid biosynthesis, cholate => taurocholate/glycocholate 
Lipid metabolism	Sterol biosynthesis	M00862	beta-Oxidation, peroxisome, tri/dihydroxycholestanoyl-CoA => choloyl/chenodeoxycholoyl-CoA 
Lipid metabolism	Sterol biosynthesis	M00107	Steroid hormone biosynthesis, cholesterol => prognenolone => progesterone 
Lipid metabolism	Sterol biosynthesis	M00108	C21-Steroid hormone biosynthesis, progesterone => corticosterone/aldosterone 
Lipid metabolism	Sterol biosynthesis	M00109	C21-Steroid hormone biosynthesis, progesterone => cortisol/cortisone 
Lipid metabolism	Sterol biosynthesis	M00110	C19/C18-Steroid hormone biosynthesis, pregnenolone => androstenedione => estrone 
Lipid metabolism	Lipid metabolism	M00088	Ketone body biosynthesis, acetyl-CoA => acetoacetate/3-hydroxybutyrate/acetone 
Lipid metabolism	Lipid metabolism	M00089	Triacylglycerol biosynthesis 
Lipid metabolism	Lipid metabolism	M00098	Acylglycerol degradation 
Lipid metabolism	Lipid metabolism	M00090	Phosphatidylcholine (PC) biosynthesis, choline => PC 
Lipid metabolism	Lipid metabolism	M00091	Phosphatidylcholine (PC) biosynthesis, PE => PC 
Lipid metabolism	Lipid metabolism	M00092	Phosphatidylethanolamine (PE) biosynthesis, ethanolamine => PE 
Lipid metabolism	Lipid metabolism	M00093	Phosphatidylethanolamine (PE) biosynthesis, PA => PS => PE 
Lipid metabolism	Lipid metabolism	M00094	Ceramide biosynthesis 
Lipid metabolism	Lipid metabolism	M00066	Lactosylceramide biosynthesis 
Lipid metabolism	Lipid metabolism	M00067	Sulfoglycolipids biosynthesis, ceramide/1-alkyl-2-acylglycerol => sulfatide/seminolipid 
Lipid metabolism	Lipid metabolism	M00099	Sphingosine biosynthesis 
Lipid metabolism	Lipid metabolism	M00100	Sphingosine degradation 
Lipid metabolism	Lipid metabolism	M00113	Jasmonic acid biosynthesis 
Nucleotide metabolism	Purine metabolism	M00048	Inosine monophosphate biosynthesis, PRPP + glutamine => IMP 
Nucleotide metabolism	Purine metabolism	M00049	Adenine ribonucleotide biosynthesis, IMP => ADP,ATP 
Nucleotide metabolism	Purine metabolism	M00050	Guanine ribonucleotide biosynthesis IMP => GDP,GTP 
Nucleotide metabolism	Purine metabolism	M00546	Purine degradation, xanthine => urea 
Nucleotide metabolism	Pyrimidine metabolism	M00051	Uridine monophosphate biosynthesis, glutamine (+ PRPP) => UMP 
Nucleotide metabolism	Pyrimidine metabolism	M00052	Pyrimidine ribonucleotide biosynthesis, UMP => UDP/UTP,CDP/CTP 
Nucleotide metabolism	Pyrimidine metabolism	M00053	Pyrimidine deoxyribonuleotide biosynthesis, CDP/CTP => dCDP/dCTP,dTDP/dTTP 
Nucleotide metabolism	Pyrimidine metabolism	M00046	Pyrimidine degradation, uracil => beta-alanine, thymine => 3-aminoisobutanoate 
Amino acid metabolism	Serine and threonine metabolism	M00020	Serine biosynthesis, glycerate-3P => serine 
Amino acid metabolism	Serine and threonine metabolism	M00018	Threonine biosynthesis, aspartate => homoserine => threonine 
Amino acid metabolism	Serine and threonine metabolism	M00555	Betaine biosynthesis, choline => betaine 
Amino acid metabolism	Serine and threonine metabolism	M00033	Ectoine biosynthesis, aspartate => ectoine 
Amino acid metabolism	Serine and threonine metabolism	M00919	Ectoine degradation, ectoine => aspartate 
Amino acid metabolism	Cysteine and methionine metabolism	M00021	Cysteine biosynthesis, serine => cysteine 
Amino acid metabolism	Cysteine and methionine metabolism	M00338	Cysteine biosynthesis, homocysteine + serine => cysteine 
Amino acid metabolism	Cysteine and methionine metabolism	M00609	Cysteine biosynthesis, methionine => cysteine 
Amino acid metabolism	Cysteine and methionine metabolism	M00017	Methionine biosynthesis, apartate => homoserine => methionine 
Amino acid metabolism	Cysteine and methionine metabolism	M00034	Methionine salvage pathway 
Amino acid metabolism	Cysteine and methionine metabolism	M00035	Methionine degradation 
Amino acid metabolism	Cysteine and methionine metabolism	M00368	Ethylene biosynthesis, methionine => ethylene 
Amino acid metabolism	Branched-chain amino acid metabolism	M00019	Valine/isoleucine biosynthesis, pyruvate => valine / 2-oxobutanoate => isoleucine 
Amino acid metabolism	Branched-chain amino acid metabolism	M00535	Isoleucine biosynthesis, pyruvate => 2-oxobutanoate 
Amino acid metabolism	Branched-chain amino acid metabolism	M00570	Isoleucine biosynthesis, threonine => 2-oxobutanoate => isoleucine 
Amino acid metabolism	Branched-chain amino acid metabolism	M00432	Leucine biosynthesis, 2-oxoisovalerate => 2-oxoisocaproate 
Amino acid metabolism	Branched-chain amino acid metabolism	M00036	Leucine degradation, leucine => acetoacetate + acetyl-CoA 
Amino acid metabolism	Lysine metabolism	M00016	Lysine biosynthesis, succinyl-DAP pathway, aspartate => lysine 
Amino acid metabolism	Lysine metabolism	M00525	Lysine biosynthesis, acetyl-DAP pathway, aspartate => lysine 
Amino acid metabolism	Lysine metabolism	M00526	Lysine biosynthesis, DAP dehydrogenase pathway, aspartate => lysine 
Amino acid metabolism	Lysine metabolism	M00527	Lysine biosynthesis, DAP aminotransferase pathway, aspartate => lysine 
Amino acid metabolism	Lysine metabolism	M00030	Lysine biosynthesis, AAA pathway, 2-oxoglutarate => 2-aminoadipate => lysine 
Amino acid metabolism	Lysine metabolism	M00433	Lysine biosynthesis, 2-oxoglutarate => 2-oxoadipate 
Amino acid metabolism	Lysine metabolism	M00031	Lysine biosynthesis, mediated by LysW, 2-aminoadipate => lysine 
Amino acid metabolism	Lysine metabolism	M00032	Lysine degradation, lysine => saccharopine => acetoacetyl-CoA 
Amino acid metabolism	Arginine and proline metabolism	M00028	Ornithine biosynthesis, glutamate => ornithine 
Amino acid metabolism	Arginine and proline metabolism	M00763	Ornithine biosynthesis, mediated by LysW, glutamate => ornithine 
Amino acid metabolism	Arginine and proline metabolism	M00844	Arginine biosynthesis, ornithine => arginine 
Amino acid metabolism	Arginine and proline metabolism	M00845	Arginine biosynthesis, glutamate => acetylcitrulline => arginine 
Amino acid metabolism	Arginine and proline metabolism	M00029	Urea cycle 
Amino acid metabolism	Arginine and proline metabolism	M00015	Proline biosynthesis, glutamate => proline 
Amino acid metabolism	Arginine and proline metabolism	M00047	Creatine pathway 
Amino acid metabolism	Arginine and proline metabolism	M00879	Arginine succinyltransferase pathway, arginine => glutamate 
Amino acid metabolism	Polyamine biosynthesis	M00133	Polyamine biosynthesis, arginine => agmatine => putrescine => spermidine 
Amino acid metabolism	Polyamine biosynthesis	M00134	Polyamine biosynthesis, arginine => ornithine => putrescine 
Amino acid metabolism	Polyamine biosynthesis	M00135	GABA biosynthesis, eukaryotes, putrescine => GABA 
Amino acid metabolism	Polyamine biosynthesis	M00136	GABA biosynthesis, prokaryotes, putrescine => GABA 
Amino acid metabolism	Histidine metabolism	M00026	Histidine biosynthesis, PRPP => histidine 
Amino acid metabolism	Histidine metabolism	M00045	Histidine degradation, histidine => N-formiminoglutamate => glutamate 
Amino acid metabolism	Aromatic amino acid metabolism	M00022	Shikimate pathway, phosphoenolpyruvate + erythrose-4P => chorismate 
Amino acid metabolism	Aromatic amino acid metabolism	M00023	Tryptophan biosynthesis, chorismate => tryptophan 
Amino acid metabolism	Aromatic amino acid metabolism	M00024	Phenylalanine biosynthesis, chorismate => phenylpyruvate => phenylalanine 
Amino acid metabolism	Aromatic amino acid metabolism	M00910	Phenylalanine biosynthesis, chorismate => arogenate => phenylalanine 
Amino acid metabolism	Aromatic amino acid metabolism	M00025	Tyrosine biosynthesis, chorismate => HPP => tyrosine 
Amino acid metabolism	Aromatic amino acid metabolism	M00040	Tyrosine biosynthesis, chorismate => arogenate => tyrosine 
Amino acid metabolism	Aromatic amino acid metabolism	M00042	Catecholamine biosynthesis, tyrosine => dopamine => noradrenaline => adrenaline 
Amino acid metabolism	Aromatic amino acid metabolism	M00043	Thyroid hormone biosynthesis, tyrosine => triiodothyronine/thyroxine 
Amino acid metabolism	Aromatic amino acid metabolism	M00044	Tyrosine degradation, tyrosine => homogentisate 
Amino acid metabolism	Aromatic amino acid metabolism	M00533	Homoprotocatechuate degradation, homoprotocatechuate => 2-oxohept-3-enedioate 
Amino acid metabolism	Aromatic amino acid metabolism	M00037	Melatonin biosynthesis, animals, tryptophan => serotonin => melatonin 
Amino acid metabolism	Aromatic amino acid metabolism	M00936	Melatonin biosynthesis, plants, tryptophan => serotonin => melatonin 
Amino acid metabolism	Aromatic amino acid metabolism	M00038	Tryptophan metabolism, tryptophan => kynurenine => 2-aminomuconate 
Amino acid metabolism	Other amino acid metabolism	M00027	GABA (gamma-Aminobutyrate) shunt 
Amino acid metabolism	Other amino acid metabolism	M00369	Cyanogenic glycoside biosynthesis, tyrosine => dhurrin 
Amino acid metabolism	Other amino acid metabolism	M00118	Glutathione biosynthesis, glutamate => glutathione 
Glycan metabolism	Glycan biosynthesis	M00055	N-glycan precursor biosynthesis 
Glycan metabolism	Glycan biosynthesis	M00072	N-glycosylation by oligosaccharyltransferase 
Glycan metabolism	Glycan biosynthesis	M00073	N-glycan precursor trimming 
Glycan metabolism	Glycan biosynthesis	M00074	N-glycan biosynthesis, high-mannose type 
Glycan metabolism	Glycan biosynthesis	M00075	N-glycan biosynthesis, complex type 
Glycan metabolism	Glycan biosynthesis	M00056	O-glycan biosynthesis, mucin type core 
Glycan metabolism	Glycan biosynthesis	M00872	O-glycan biosynthesis, mannose type (core M3) 
Glycan metabolism	Glycan biosynthesis	M00065	GPI-anchor biosynthesis, core oligosaccharide 
Glycan metabolism	Glycan biosynthesis	M00070	Glycosphingolipid biosynthesis, lacto-series, LacCer => Lc4Cer 
Glycan metabolism	Glycan biosynthesis	M00071	Glycosphingolipid biosynthesis, neolacto-series, LacCer => nLc4Cer 
Glycan metabolism	Glycan biosynthesis	M00068	Glycosphingolipid biosynthesis, globo-series, LacCer => Gb4Cer 
Glycan metabolism	Glycan biosynthesis	M00069	Glycosphingolipid biosynthesis, ganglio series, LacCer => GT3 
Glycan metabolism	Glycosaminoglycan metabolism	M00057	Glycosaminoglycan biosynthesis, linkage tetrasaccharide 
Glycan metabolism	Glycosaminoglycan metabolism	M00058	Glycosaminoglycan biosynthesis, chondroitin sulfate backbone 
Glycan metabolism	Glycosaminoglycan metabolism	M00059	Glycosaminoglycan biosynthesis, heparan sulfate backbone 
Glycan metabolism	Glycosaminoglycan metabolism	M00076	Dermatan sulfate degradation 
Glycan metabolism	Glycosaminoglycan metabolism	M00077	Chondroitin sulfate degradation 
Glycan metabolism	Glycosaminoglycan metabolism	M00078	Heparan sulfate degradation 
Glycan metabolism	Glycosaminoglycan metabolism	M00079	Keratan sulfate degradation 
Glycan metabolism	Lipopolysaccharide metabolism	M00060	KDO2-lipid A biosynthesis, Raetz pathway, LpxL-LpxM type 
Glycan metabolism	Lipopolysaccharide metabolism	M00866	KDO2-lipid A biosynthesis, Raetz pathway, non-LpxL-LpxM type 
Glycan metabolism	Lipopolysaccharide metabolism	M00867	KDO2-lipid A modification pathway 
Glycan metabolism	Lipopolysaccharide metabolism	M00063	CMP-KDO biosynthesis 
Glycan metabolism	Lipopolysaccharide metabolism	M00064	ADP-L-glycero-D-manno-heptose biosynthesis 
Glycan metabolism	Lipopolysaccharide metabolism	M00922	CMP-Neu5Ac biosynthesis 
Glycan metabolism	Lipopolysaccharide metabolism	M00923	UDP-L-FucNAm biosynthesis 
Metabolism of cofactors and vitamins	Cofactor and vitamin metabolism	M00127	Thiamine biosynthesis, prokaryotes, AIR (+ DXP/tyrosine) => TMP/TPP 
Metabolism of cofactors and vitamins	Cofactor and vitamin metabolism	M00895	Thiamine biosynthesis, prokaryotes, AIR (+ DXP/glycine) => TMP/TPP 
Metabolism of cofactors and vitamins	Cofactor and vitamin metabolism	M00896	Thiamine biosynthesis, archaea, AIR (+ NAD+) => TMP/TPP 
Metabolism of cofactors and vitamins	Cofactor and vitamin metabolism	M00897	Thiamine biosynthesis, plants, AIR (+ NAD+) => TMP/thiamine/TPP 
Metabolism of cofactors and vitamins	Cofactor and vitamin metabolism	M00898	Thiamine biosynthesis, pyridoxal-5P => TMP/thiamine/TPP 
Metabolism of cofactors and vitamins	Cofactor and vitamin metabolism	M00899	Thiamine salvage pathway, HMP/HET => TMP 
Metabolism of cofactors and vitamins	Cofactor and vitamin metabolism	M00125	Riboflavin biosynthesis, plants and bacteria, GTP => riboflavin/FMN/FAD 
Metabolism of cofactors and vitamins	Cofactor and vitamin metabolism	M00911	Riboflavin biosynthesis, fungi, GTP => riboflavin/FMN/FAD 
Metabolism of cofactors and vitamins	Cofactor and vitamin metabolism	M00124	Pyridoxal-P biosynthesis, erythrose-4P => pyridoxal-P 
Metabolism of cofactors and vitamins	Cofactor and vitamin metabolism	M00916	Pyridoxal-P biosynthesis, R5P + glyceraldehyde-3P + glutamine => pyridoxal-P 
Metabolism of cofactors and vitamins	Cofactor and vitamin metabolism	M00115	NAD biosynthesis, aspartate => quinolinate => NAD 
Metabolism of cofactors and vitamins	Cofactor and vitamin metabolism	M00912	NAD biosynthesis, tryptophan => quinolinate => NAD 
Metabolism of cofactors and vitamins	Cofactor and vitamin metabolism	M00810	Nicotine degradation, pyridine pathway, nicotine => 2,6-dihydroxypyridine/succinate semialdehyde 
Metabolism of cofactors and vitamins	Cofactor and vitamin metabolism	M00811	Nicotine degradation, pyrrolidine pathway, nicotine => succinate semialdehyde 
Metabolism of cofactors and vitamins	Cofactor and vitamin metabolism	M00622	Nicotinate degradation, nicotinate => fumarate 
Metabolism of cofactors and vitamins	Cofactor and vitamin metabolism	M00119	Pantothenate biosynthesis, valine/L-aspartate => pantothenate 
Metabolism of cofactors and vitamins	Cofactor and vitamin metabolism	M00913	Pantothenate biosynthesis, 2-oxoisovalerate/spermine => pantothenate 
Metabolism of cofactors and vitamins	Cofactor and vitamin metabolism	M00120	Coenzyme A biosynthesis, pantothenate => CoA 
Metabolism of cofactors and vitamins	Cofactor and vitamin metabolism	M00914	Coenzyme A biosynthesis, archaea, 2-oxoisovalerate => 4-phosphopantoate => CoA 
Metabolism of cofactors and vitamins	Cofactor and vitamin metabolism	M00572	Pimeloyl-ACP biosynthesis, BioC-BioH pathway, malonyl-ACP => pimeloyl-ACP 
Metabolism of cofactors and vitamins	Cofactor and vitamin metabolism	M00123	Biotin biosynthesis, pimeloyl-ACP/CoA => biotin 
Metabolism of cofactors and vitamins	Cofactor and vitamin metabolism	M00573	Biotin biosynthesis, BioI pathway, long-chain-acyl-ACP => pimeloyl-ACP => biotin 
Metabolism of cofactors and vitamins	Cofactor and vitamin metabolism	M00577	Biotin biosynthesis, BioW pathway, pimelate => pimeloyl-CoA => biotin 
Metabolism of cofactors and vitamins	Cofactor and vitamin metabolism	M00881	Lipoic acid biosynthesis, plants and bacteria, octanoyl-ACP => dihydrolipoyl-E2/H 
Metabolism of cofactors and vitamins	Cofactor and vitamin metabolism	M00882	Lipoic acid biosynthesis, eukaryotes, octanoyl-ACP => dihydrolipoyl-H 
Metabolism of cofactors and vitamins	Cofactor and vitamin metabolism	M00883	Lipoic acid biosynthesis, animals and bacteria, octanoyl-ACP => dihydrolipoyl-H => dihydrolipoyl-E2 
Metabolism of cofactors and vitamins	Cofactor and vitamin metabolism	M00884	Lipoic acid biosynthesis, octanoyl-CoA => dihydrolipoyl-E2 
Metabolism of cofactors and vitamins	Cofactor and vitamin metabolism	M00126	Tetrahydrofolate biosynthesis, GTP => THF 
Metabolism of cofactors and vitamins	Cofactor and vitamin metabolism	M00840	Tetrahydrofolate biosynthesis, mediated by ribA and trpF, GTP => THF 
Metabolism of cofactors and vitamins	Cofactor and vitamin metabolism	M00841	Tetrahydrofolate biosynthesis, mediated by PTPS, GTP => THF 
Metabolism of cofactors and vitamins	Cofactor and vitamin metabolism	M00842	Tetrahydrobiopterin biosynthesis, GTP => BH4 
Metabolism of cofactors and vitamins	Cofactor and vitamin metabolism	M00843	L-threo-Tetrahydrobiopterin biosynthesis, GTP => L-threo-BH4 
Metabolism of cofactors and vitamins	Cofactor and vitamin metabolism	M00880	Molybdenum cofactor biosynthesis, GTP => molybdenum cofactor 
Metabolism of cofactors and vitamins	Cofactor and vitamin metabolism	M00140	C1-unit interconversion, prokaryotes 
Metabolism of cofactors and vitamins	Cofactor and vitamin metabolism	M00141	C1-unit interconversion, eukaryotes 
Metabolism of cofactors and vitamins	Cofactor and vitamin metabolism	M00846	Siroheme biosynthesis, glutamyl-tRNA => siroheme 
Metabolism of cofactors and vitamins	Cofactor and vitamin metabolism	M00868	Heme biosynthesis, animals and fungi, glycine => heme 
Metabolism of cofactors and vitamins	Cofactor and vitamin metabolism	M00121	Heme biosynthesis, plants and bacteria, glutamate => heme 
Metabolism of cofactors and vitamins	Cofactor and vitamin metabolism	M00926	Heme biosynthesis, bacteria, glutamyl-tRNA => coproporphyrin III => heme 
Metabolism of cofactors and vitamins	Cofactor and vitamin metabolism	M00847	Heme biosynthesis, archaea, siroheme => heme 
Metabolism of cofactors and vitamins	Cofactor and vitamin metabolism	M00924	Cobalamin biosynthesis, anaerobic, uroporphyrinogen III => sirohydrochlorin => cobyrinate a,c-diamide 
Metabolism of cofactors and vitamins	Cofactor and vitamin metabolism	M00925	Cobalamin biosynthesis, aerobic, uroporphyrinogen III => precorrin 2 => cobyrinate a,c-diamide 
Metabolism of cofactors and vitamins	Cofactor and vitamin metabolism	M00122	Cobalamin biosynthesis, cobyrinate a,c-diamide => cobalamin 
Metabolism of cofactors and vitamins	Cofactor and vitamin metabolism	M00836	Coenzyme F430 biosynthesis, sirohydrochlorin => coenzyme F430 
Metabolism of cofactors and vitamins	Cofactor and vitamin metabolism	M00117	Ubiquinone biosynthesis, prokaryotes, chorismate (+ polyprenyl-PP) => ubiquinol 
Metabolism of cofactors and vitamins	Cofactor and vitamin metabolism	M00128	Ubiquinone biosynthesis, eukaryotes, 4-hydroxybenzoate + polyprenyl-PP => ubiquinol 
Metabolism of cofactors and vitamins	Cofactor and vitamin metabolism	M00116	Menaquinone biosynthesis, chorismate (+ polyprenyl-PP) => menaquinol 
Metabolism of cofactors and vitamins	Cofactor and vitamin metabolism	M00930	Menaquinone biosynthesis, futalosine pathway 
Metabolism of cofactors and vitamins	Cofactor and vitamin metabolism	M00931	Menaquinone biosynthesis, modified futalosine pathway 
Metabolism of cofactors and vitamins	Cofactor and vitamin metabolism	M00932	Phylloquinone biosynthesis, chorismate (+ phytyl-PP) => phylloquinol 
Metabolism of cofactors and vitamins	Cofactor and vitamin metabolism	M00112	Tocopherol/tocotorienol biosynthesis, homogentisate + phytyl/geranylgeranyl-PP => tocopherol/tocotorienol 
Metabolism of cofactors and vitamins	Cofactor and vitamin metabolism	M00933	Plastoquinone biosynthesis, homogentisate + solanesyl-PP => plastoquinol 
Biosynthesis of terpenoids and polyketides	Terpenoid backbone biosynthesis	M00095	C5 isoprenoid biosynthesis, mevalonate pathway 
Biosynthesis of terpenoids and polyketides	Terpenoid backbone biosynthesis	M00849	C5 isoprenoid biosynthesis, mevalonate pathway, archaea 
Biosynthesis of terpenoids and polyketides	Terpenoid backbone biosynthesis	M00096	C5 isoprenoid biosynthesis, non-mevalonate pathway 
Biosynthesis of terpenoids and polyketides	Terpenoid backbone biosynthesis	M00364	C10-C20 isoprenoid biosynthesis, bacteria 
Biosynthesis of terpenoids and polyketides	Terpenoid backbone biosynthesis	M00365	C10-C20 isoprenoid biosynthesis, archaea 
Biosynthesis of terpenoids and polyketides	Terpenoid backbone biosynthesis	M00366	C10-C20 isoprenoid biosynthesis, plants 
Biosynthesis of terpenoids and polyketides	Terpenoid backbone biosynthesis	M00367	C10-C20 isoprenoid biosynthesis, non-plant eukaryotes 
Biosynthesis of terpenoids and polyketides	Plant terpenoid biosynthesis	M00097	beta-Carotene biosynthesis, GGAP => beta-carotene 
Biosynthesis of terpenoids and polyketides	Plant terpenoid biosynthesis	M00372	Abscisic acid biosynthesis, beta-carotene => abscisic acid 
Biosynthesis of terpenoids and polyketides	Plant terpenoid biosynthesis	M00371	Castasterone biosynthesis, campesterol => castasterone 
Biosynthesis of terpenoids and polyketides	Plant terpenoid biosynthesis	M00927	Gibberellin A12 biosynthesis, GAPP => GA12 
Biosynthesis of terpenoids and polyketides	Plant terpenoid biosynthesis	M00928	Gibberellin A4/A1 biosynthesis, GA12 => GA4 / GA53 => GA1 
Biosynthesis of terpenoids and polyketides	Plant terpenoid biosynthesis	M00929	Gibberellin A1 biosynthesis, GGPP => GA1 
Biosynthesis of terpenoids and polyketides	Macrolide biosynthesis	M00773	Tylosin biosynthesis, methylmalonyl-CoA + malonyl-CoA => tylactone => tylosin 
Biosynthesis of terpenoids and polyketides	Macrolide biosynthesis	M00934	Mycinamicin biosynthesis, malonyl-CoA + methylmalonyl-CoA => protomycinolide IV => mycinamicin II 
Biosynthesis of terpenoids and polyketides	Macrolide biosynthesis	M00774	Erythromycin biosynthesis, propanoyl-CoA + methylmalonyl-CoA => deoxyerythronolide B => erythromycin A/B 
Biosynthesis of terpenoids and polyketides	Macrolide biosynthesis	M00775	Oleandomycin biosynthesis, malonyl-CoA + methylmalonyl-CoA => 8,8a-deoxyoleandolide => oleandomycin 
Biosynthesis of terpenoids and polyketides	Macrolide biosynthesis	M00776	Pikromycin/methymycin biosynthesis, methylmalonyl-CoA + malonyl-CoA => narbonolide/10-deoxymethynolide => pikromycin/methymycin 
Biosynthesis of terpenoids and polyketides	Macrolide biosynthesis	M00777	Avermectin biosynthesis, 2-methylbutanoyl-CoA/isobutyryl-CoA => 6,8a-Seco-6,8a-deoxy-5-oxoavermectin 1a/1b aglycone => avermectin A1a/B1a/A1b/B1b 
Biosynthesis of terpenoids and polyketides	Enediyne biosynthesis	M00824	9-membered enediyne core biosynthesis, malonyl-CoA => 3-hydroxyhexadeca-4,6,8,10,12,14-hexaenoyl-ACP => 9-membered enediyne core 
Biosynthesis of terpenoids and polyketides	Enediyne biosynthesis	M00825	10-membered enediyne core biosynthesis, malonyl-CoA => 3-hydroxyhexadeca-4,6,8,10,12,14-hexaenoyl-ACP => 10-membered enediyne core 
Biosynthesis of terpenoids and polyketides	Enediyne biosynthesis	M00826	C-1027 benzoxazolinate moiety biosynthesis, chorismate => benzoxazolinyl-CoA 
Biosynthesis of terpenoids and polyketides	Enediyne biosynthesis	M00827	C-1027 beta-amino acid moiety biosynthesis, tyrosine => 3-chloro-4,5-dihydroxy-beta-phenylalanyl-PCP 
Biosynthesis of terpenoids and polyketides	Enediyne biosynthesis	M00828	Maduropeptin beta-hydroxy acid moiety biosynthesis, tyrosine => 3-(4-hydroxyphenyl)-3-oxopropanoyl-PCP 
Biosynthesis of terpenoids and polyketides	Enediyne biosynthesis	M00829	3,6-Dimethylsalicylyl-CoA biosynthesis, malonyl-CoA => 6-methylsalicylate => 3,6-dimethylsalicylyl-CoA 
Biosynthesis of terpenoids and polyketides	Enediyne biosynthesis	M00830	Neocarzinostatin naphthoate moiety biosynthesis, malonyl-CoA => 2-hydroxy-5-methyl-1-naphthoate => 2-hydroxy-7-methoxy-5-methyl-1-naphthoyl-CoA 
Biosynthesis of terpenoids and polyketides	Enediyne biosynthesis	M00831	Kedarcidin 2-hydroxynaphthoate moiety biosynthesis, malonyl-CoA => 3,6,8-trihydroxy-2-naphthoate => 3-hydroxy-7,8-dimethoxy-6-isopropoxy-2-naphthoyl-CoA 
Biosynthesis of terpenoids and polyketides	Enediyne biosynthesis	M00832	Kedarcidin 2-aza-3-chloro-beta-tyrosine moiety biosynthesis, azatyrosine => 2-aza-3-chloro-beta-tyrosyl-PCP 
Biosynthesis of terpenoids and polyketides	Enediyne biosynthesis	M00834	Calicheamicin orsellinate moiety biosynthesis, malonyl-CoA => orsellinate-ACP => 5-iodo-2,3-dimethoxyorsellinate-ACP 
Biosynthesis of terpenoids and polyketides	Enediyne biosynthesis	M00833	Calicheamicin biosynthesis, calicheamicinone => calicheamicin 
Biosynthesis of terpenoids and polyketides	Type II polyketide biosynthesis	M00778	Type II polyketide backbone biosynthesis, acyl-CoA + malonyl-CoA => polyketide 
Biosynthesis of terpenoids and polyketides	Type II polyketide biosynthesis	M00779	Dihydrokalafungin biosynthesis, octaketide => dihydrokalafungin 
Biosynthesis of terpenoids and polyketides	Type II polyketide biosynthesis	M00780	Tetracycline/oxytetracycline biosynthesis, pretetramide => tetracycline/oxytetracycline 
Biosynthesis of terpenoids and polyketides	Type II polyketide biosynthesis	M00823	Chlortetracycline biosynthesis, pretetramide => chlortetracycline 
Biosynthesis of terpenoids and polyketides	Type II polyketide biosynthesis	M00781	Nogalavinone/aklavinone biosynthesis, deoxynogalonate/deoxyaklanonate => nogalavinone/aklavinone 
Biosynthesis of terpenoids and polyketides	Type II polyketide biosynthesis	M00782	Mithramycin biosynthesis, 4-demethylpremithramycinone => mithramycin 
Biosynthesis of terpenoids and polyketides	Type II polyketide biosynthesis	M00783	Tetracenomycin C/8-demethyltetracenomycin C biosynthesis, tetracenomycin F2 => tetracenomycin C/8-demethyltetracenomycin C 
Biosynthesis of terpenoids and polyketides	Type II polyketide biosynthesis	M00784	Elloramycin biosynthesis, 8-demethyltetracenomycin C => elloramycin A 
Biosynthesis of terpenoids and polyketides	Polyketide sugar unit biosynthesis	M00793	dTDP-L-rhamnose biosynthesis 
Biosynthesis of terpenoids and polyketides	Polyketide sugar unit biosynthesis	M00794	dTDP-6-deoxy-D-allose biosynthesis 
Biosynthesis of terpenoids and polyketides	Polyketide sugar unit biosynthesis	M00795	dTDP-beta-L-noviose biosynthesis 
Biosynthesis of terpenoids and polyketides	Polyketide sugar unit biosynthesis	M00796	dTDP-D-mycaminose biosynthesis 
Biosynthesis of terpenoids and polyketides	Polyketide sugar unit biosynthesis	M00797	dTDP-D-desosamine biosynthesis 
Biosynthesis of terpenoids and polyketides	Polyketide sugar unit biosynthesis	M00798	dTDP-L-mycarose biosynthesis 
Biosynthesis of terpenoids and polyketides	Polyketide sugar unit biosynthesis	M00799	dTDP-L-oleandrose biosynthesis 
Biosynthesis of terpenoids and polyketides	Polyketide sugar unit biosynthesis	M00800	dTDP-L-megosamine biosynthesis 
Biosynthesis of terpenoids and polyketides	Polyketide sugar unit biosynthesis	M00801	dTDP-L-olivose biosynthesis 
Biosynthesis of terpenoids and polyketides	Polyketide sugar unit biosynthesis	M00802	dTDP-D-forosamine biosynthesis 
Biosynthesis of terpenoids and polyketides	Polyketide sugar unit biosynthesis	M00803	dTDP-D-angolosamine biosynthesis 
Biosynthesis of other secondary metabolites	Biosynthesis of phytochemical compounds	M00039	Monolignol biosynthesis, phenylalanine/tyrosine => monolignol 
Biosynthesis of other secondary metabolites	Biosynthesis of phytochemical compounds	M00137	Flavanone biosynthesis, phenylalanine => naringenin 
Biosynthesis of other secondary metabolites	Biosynthesis of phytochemical compounds	M00138	Flavonoid biosynthesis, naringenin => pelargonidin 
Biosynthesis of other secondary metabolites	Biosynthesis of phytochemical compounds	M00370	Glucosinolate biosynthesis, tryptophan => glucobrassicin 
Biosynthesis of other secondary metabolites	Biosynthesis of phytochemical compounds	M00900	Cronin biosynthesis, zeaxanthin => crocin 
Biosynthesis of other secondary metabolites	Biosynthesis of phytochemical compounds	M00894	Cannabidiol biosynthesis, malonyl-CoA => cannabidiol/dronabinol 
Biosynthesis of other secondary metabolites	Biosynthesis of phytochemical compounds	M00902	Podophyllotoxin biosynthesis, coniferyl alcohol => podophyllotoxin 
Biosynthesis of other secondary metabolites	Biosynthesis of beta-lactams	M00672	Penicillin biosynthesis, aminoadipate + cycteine + valine => penicillin 
Biosynthesis of other secondary metabolites	Biosynthesis of beta-lactams	M00673	Cephamycin C biosynthesis, aminoadipate + cycteine + valine => cephamycin C 
Biosynthesis of other secondary metabolites	Biosynthesis of beta-lactams	M00675	Carbapenem-3-carboxylate biosynthesis, pyrroline-5-carboxylate + malonyl-CoA => carbapenem-3-carboxylate 
Biosynthesis of other secondary metabolites	Biosynthesis of beta-lactams	M00736	Nocardicin A biosynthesis, L-pHPG + arginine + serine => nocardicin A 
Biosynthesis of other secondary metabolites	Biosynthesis of beta-lactams	M00674	Clavaminate biosynthesis, arginine + glyceraldehyde-3P => clavaminate 
Biosynthesis of other secondary metabolites	Biosynthesis of other antibiotics	M00877	Kanosamine biosynthesis glucose 6-phosphate => kanosamine 
Biosynthesis of other secondary metabolites	Biosynthesis of other antibiotics	M00889	Puromycin biosynthesis, ATP => puromycin 
Biosynthesis of other secondary metabolites	Biosynthesis of other antibiotics	M00815	Validamycin A biosynthesis, sedoheptulopyranose-7P => validamycin A 
Biosynthesis of other secondary metabolites	Biosynthesis of other antibiotics	M00904	Dapdiamides biosynthesis, L-2,3-diaminopropanoate => dapdiamide A/B/C 
Biosynthesis of other secondary metabolites	Biosynthesis of other antibiotics	M00785	Cycloserine biosynthesis, arginine/serine => cycloserine 
Biosynthesis of other secondary metabolites	Biosynthesis of other antibiotics	M00787	Bacilysin biosynthesis, prephenate => bacilysin 
Biosynthesis of other secondary metabolites	Biosynthesis of other antibiotics	M00848	Aurachin biosynthesis, anthranilate => aurachin A 
Biosynthesis of other secondary metabolites	Biosynthesis of other antibiotics	M00788	Terpentecin biosynthesis, GGAP => terpentecin 
Biosynthesis of other secondary metabolites	Biosynthesis of other antibiotics	M00819	Pentalenolactone biosynthesis, farnesyl-PP => pentalenolactone 
Biosynthesis of other secondary metabolites	Biosynthesis of other antibiotics	M00903	Fosfomycin biosynthesis, phosphoenolpyruvate => fosfomycin 
Biosynthesis of other secondary metabolites	Biosynthesis of other antibiotics	M00890	Roseoflavin biosynthesis, FMN => roseoflavin 
Biosynthesis of other secondary metabolites	Biosynthesis of other fungal compounds	M00661	Paspaline biosynthesis, geranylgeranyl-PP + indoleglycerol phosphate => paspaline 
Biosynthesis of other secondary metabolites	Biosynthesis of other fungal compounds	M00786	Fumitremorgin alkaloid biosynthesis, tryptophan + proline => fumitremorgin C/A 
Biosynthesis of other secondary metabolites	Biosynthesis of other fungal compounds	M00893	Lovastatin biosynthesis, malonyl-CoA => lovastatin acid 
Biosynthesis of other secondary metabolites	Biosynthesis of other fungal compounds	M00891	Ditryptophenaline biosynthesis, tryptophan + phenylalanine => ditryptophenaline 
Biosynthesis of other secondary metabolites	Biosynthesis of other fungal compounds	M00901	Fumiquinazoline biosynthesis, tryptophan + alanine + anthranilate => fumiquinazoline 
Biosynthesis of other secondary metabolites	Biosynthesis of other bacterial compounds	M00814	Acarbose biosynthesis, sedoheptulopyranose-7P => acarbose 
Biosynthesis of other secondary metabolites	Biosynthesis of other bacterial compounds	M00789	Rebeccamycin biosynthesis, tryptophan => rebeccamycin 
Biosynthesis of other secondary metabolites	Biosynthesis of other bacterial compounds	M00790	Pyrrolnitrin biosynthesis, tryptophan => pyrrolnitrin 
Biosynthesis of other secondary metabolites	Biosynthesis of other bacterial compounds	M00805	Staurosporine biosynthesis, tryptophan => staurosporine 
Biosynthesis of other secondary metabolites	Biosynthesis of other bacterial compounds	M00808	Violacein biosynthesis, tryptophan => violacein 
Biosynthesis of other secondary metabolites	Biosynthesis of other bacterial compounds	M00835	Pyocyanine biosynthesis, chorismate => pyocyanine 
Biosynthesis of other secondary metabolites	Biosynthesis of other bacterial compounds	M00837	Prodigiosin biosynthesis, L-proline => prodigiosin 
Biosynthesis of other secondary metabolites	Biosynthesis of other bacterial compounds	M00838	Undecylprodigiosin biosynthesis, L-proline => undecylprodigiosin 
Biosynthesis of other secondary metabolites	Biosynthesis of other bacterial compounds	M00921	Cyclooctatin biosynthesis, dimethylallyl-PP + isopentenyl-PP => cyclooctatin 
Biosynthesis of other secondary metabolites	Biosynthesis of other bacterial compounds	M00905	Grixazone biosynthesis, aspartate 4-semialdehyde => grixazone B 
Biosynthesis of other secondary metabolites	Biosynthesis of other bacterial compounds	M00876	Staphyloferrin A biosynthesis, L-ornithine => staphyloferrin A 
Biosynthesis of other secondary metabolites	Biosynthesis of other bacterial compounds	M00875	Staphyloferrin B biosynthesis, L-serine => staphyloferrin B 
Biosynthesis of other secondary metabolites	Biosynthesis of other bacterial compounds	M00918	Aerobactin biosynthesis, lysine => aerobactin 
Biosynthesis of other secondary metabolites	Biosynthesis of other bacterial compounds	M00906	Ethynylserine biosynthesis, lysine => ethynylserine 
Xenobiotics biodegradation	Aromatics degradation	M00538	Toluene degradation, toluene => benzoate 
Xenobiotics biodegradation	Aromatics degradation	M00537	Xylene degradation, xylene => methylbenzoate 
Xenobiotics biodegradation	Aromatics degradation	M00419	Cymene degradation, p-cymene => p-cumate 
Xenobiotics biodegradation	Aromatics degradation	M00547	Benzene/toluene degradation, benzene => catechol / toluene => 3-methylcatechol 
Xenobiotics biodegradation	Aromatics degradation	M00548	Benzene degradation, benzene => catechol 
Xenobiotics biodegradation	Aromatics degradation	M00551	Benzoate degradation, benzoate => catechol / methylbenzoate => methylcatechol 
Xenobiotics biodegradation	Aromatics degradation	M00637	Anthranilate degradation, anthranilate => catechol 
Xenobiotics biodegradation	Aromatics degradation	M00568	Catechol ortho-cleavage, catechol => 3-oxoadipate 
Xenobiotics biodegradation	Aromatics degradation	M00569	Catechol meta-cleavage, catechol => acetyl-CoA / 4-methylcatechol => propanoyl-CoA 
Xenobiotics biodegradation	Aromatics degradation	M00539	Cumate degradation, p-cumate => 2-oxopent-4-enoate + 2-methylpropanoate 
Xenobiotics biodegradation	Aromatics degradation	M00543	Biphenyl degradation, biphenyl => 2-oxopent-4-enoate + benzoate 
Xenobiotics biodegradation	Aromatics degradation	M00544	Carbazole degradation, carbazole => 2-oxopent-4-enoate + anthranilate 
Xenobiotics biodegradation	Aromatics degradation	M00418	Toluene degradation, anaerobic, toluene => benzoyl-CoA 
Xenobiotics biodegradation	Aromatics degradation	M00541	Benzoyl-CoA degradation, benzoyl-CoA => 3-hydroxypimeloyl-CoA 
Xenobiotics biodegradation	Aromatics degradation	M00540	Benzoate degradation, cyclohexanecarboxylic acid =>pimeloyl-CoA 
Xenobiotics biodegradation	Aromatics degradation	M00534	Naphthalene degradation, naphthalene => salicylate 
Xenobiotics biodegradation	Aromatics degradation	M00638	Salicylate degradation, salicylate => gentisate 
Xenobiotics biodegradation	Aromatics degradation	M00624	Terephthalate degradation, terephthalate => 3,4-dihydroxybenzoate 
Xenobiotics biodegradation	Aromatics degradation	M00623	Phthalate degradation, phthalate => protocatechuate 
Xenobiotics biodegradation	Aromatics degradation	M00636	Phthalate degradation, phthalate => protocatechuate 
Xenobiotics biodegradation	Aromatics degradation	M00878	Phenylacetate degradation, phenylaxetate => acetyl-CoA/succinyl-CoA 
Xenobiotics biodegradation	Aromatics degradation	M00545	Trans-cinnamate degradation, trans-cinnamate => acetyl-CoA 
Xenobiotics biodegradation	Aromatics degradation	M00915	Caffeine degradation, caffeine => xanthine 
